evidence_id,timestamp,frame_number,event_type,vehicle_type,track_id,rider_count,plate_text,triple_riding_status,helmet_status,wrong_direction_status,rain_road_status,wet_road_percentage,road_safety_score,severity_score,severity_level,demo_fine_amount,confidence,action_recommendation,note
ALL_WRONG_0001,2026-07-16 19:17:35,1,WRONG_DIRECTION,car,2,,,,,WRONG_DIRECTION_TOWARDS_CAMERA,RAIN_WET_ROAD_HIGH_RISK,97.17,25,4,HIGH,2000,0.37,Flag wrong-direction vehicle for police review,All-in-one detector: wrong direction using movement and box growth
ALL_WRONG_0002,2026-07-16 19:17:35,3,WRONG_DIRECTION,motorcycle,1,,,,,WRONG_DIRECTION_TOWARDS_CAMERA,RAIN_WET_ROAD_HIGH_RISK,97.23,25,3,MEDIUM,2000,0.51,Flag wrong-direction vehicle for police review,All-in-one detector: wrong direction using movement and box growth
ALL_MULTI_0003,2026-07-16 19:17:35,8,TRIPLE_HELMET_RAIN,motorcycle,,1,,SINGLE_RIDER,POSSIBLE_NO_HELMET_RISK,,RAIN_WET_ROAD_HIGH_RISK,97.38,25,4,HIGH,500,0.39,Manual no-helmet verification | Rain/wet-road safety warning,All-in-one detector: triple riding + helmet risk + rain/wet road
ALL_MULTI_0004,2026-07-16 19:17:35,16,TRIPLE_HELMET_RAIN,motorcycle,,1,,SINGLE_RIDER,POSSIBLE_NO_HELMET_RISK,,RAIN_WET_ROAD_HIGH_RISK,97.64,25,4,HIGH,500,0.49,Manual no-helmet verification | Rain/wet-road safety warning,All-in-one detector: triple riding + helmet risk + rain/wet road
ALL_MULTI_0005,2026-07-16 19:17:36,24,TRIPLE_HELMET_RAIN,motorcycle,,1,,SINGLE_RIDER,POSSIBLE_NO_HELMET_RISK,,RAIN_WET_ROAD_HIGH_RISK,97.83,25,4,HIGH,500,0.48,Manual no-helmet verification | Rain/wet-road safety warning,All-in-one detector: triple riding + helmet risk + rain/wet road
ALL_MULTI_0006,2026-07-16 19:17:36,24,TRIPLE_HELMET_RAIN,motorcycle,,1,,SINGLE_RIDER,POSSIBLE_NO_HELMET_RISK,,RAIN_WET_ROAD_HIGH_RISK,97.83,25,4,HIGH,500,0.46,Manual no-helmet verification | Rain/wet-road safety warning,All-in-one detector: triple riding + helmet risk + rain/wet road
ALL_RAIN_0007,2026-07-16 19:17:36,30,RAIN_WET_ROAD,,,,,,,,RAIN_WET_ROAD_HIGH_RISK,96.93,25,3,MEDIUM,0,0.85,Alert road safety team / warn riders,All-in-one detector: rain and wet-road risk
ALL_WRONG_0008,2026-07-16 19:17:36,31,WRONG_DIRECTION,motorcycle,3,,,,,WRONG_DIRECTION_TOWARDS_CAMERA,RAIN_WET_ROAD_HIGH_RISK,96.72,25,3,MEDIUM,2000,0.46,Flag wrong-direction vehicle for police review,All-in-one detector: wrong direction using movement and box growth
ALL_WRONG_0009,2026-07-16 19:17:36,32,WRONG_DIRECTION,car,4,,,,,WRONG_DIRECTION_TOWARDS_CAMERA,RAIN_WET_ROAD_HIGH_RISK,96.6,25,4,HIGH,2000,0.72,Flag wrong-direction vehicle for police review,All-in-one detector: wrong direction using movement and box growth
ALL_MULTI_0010,2026-07-16 19:17:36,32,TRIPLE_HELMET_RAIN,motorcycle,,1,,SINGLE_RIDER,POSSIBLE_NO_HELMET_RISK,,RAIN_WET_ROAD_HIGH_RISK,96.6,25,4,HIGH,500,0.39,Manual no-helmet verification | Rain/wet-road safety warning,All-in-one detector: triple riding + helmet risk + rain/wet road
ALL_MULTI_0011,2026-07-16 19:17:37,40,TRIPLE_HELMET_RAIN,motorcycle,,1,,SINGLE_RIDER,POSSIBLE_NO_HELMET_RISK,,RAIN_WET_ROAD_HIGH_RISK,94.98,25,4,HIGH,500,0.4,Manual no-helmet verification | Rain/wet-road safety warning,All-in-one detector: triple riding + helmet risk + rain/wet road
ALL_MULTI_0012,2026-07-16 19:17:37,40,TRIPLE_HELMET_RAIN,motorcycle,,0,,NO_RIDER_ASSOCIATED,NO_HELMET_RISK_NOT_CONFIRMED,,RAIN_WET_ROAD_HIGH_RISK,94.98,25,4,HIGH,0,0.36,Rain/wet-road safety warning,All-in-one detector: triple riding + helmet risk + rain/wet road
ALL_MULTI_0013,2026-07-16 19:17:37,48,TRIPLE_HELMET_RAIN,motorcycle,,1,,SINGLE_RIDER,POSSIBLE_NO_HELMET_RISK,,RAIN_WET_ROAD_HIGH_RISK,94.55,25,4,HIGH,500,0.4,Manual no-helmet verification | Rain/wet-road safety warning,All-in-one detector: triple riding + helmet risk + rain/wet road
ALL_RAIN_0014,2026-07-16 19:17:38,60,RAIN_WET_ROAD,,,,,,,,RAIN_WET_ROAD_HIGH_RISK,92.8,25,3,MEDIUM,0,0.85,Alert road safety team / warn riders,All-in-one detector: rain and wet-road risk
ALL_RAIN_0015,2026-07-16 19:17:41,90,RAIN_WET_ROAD,,,,,,,,RAIN_WET_ROAD_HIGH_RISK,95.18,25,3,MEDIUM,0,0.85,Alert road safety team / warn riders,All-in-one detector: rain and wet-road risk
ALL_WRONG_0016,2026-07-16 19:17:42,92,WRONG_DIRECTION,motorcycle,5,,,,,WRONG_DIRECTION_TOWARDS_CAMERA,RAIN_WET_ROAD_HIGH_RISK,94.16,25,3,MEDIUM,2000,0.67,Flag wrong-direction vehicle for police review,All-in-one detector: wrong direction using movement and box growth
ALL_MULTI_0017,2026-07-16 19:17:42,96,TRIPLE_HELMET_RAIN,motorcycle,,2,,DOUBLE_RIDING_MONITORING,POSSIBLE_NO_HELMET_RISK,,RAIN_WET_ROAD_HIGH_RISK,93.19,25,4,HIGH,500,0.41,Manual no-helmet verification | Rain/wet-road safety warning,All-in-one detector: triple riding + helmet risk + rain/wet road
ALL_MULTI_0018,2026-07-16 19:17:42,104,TRIPLE_HELMET_RAIN,motorcycle,,2,,DOUBLE_RIDING_MONITORING,POSSIBLE_NO_HELMET_RISK,,RAIN_WET_ROAD_HIGH_RISK,93.57,25,4,HIGH,500,0.7,Manual no-helmet verification | Rain/wet-road safety warning,All-in-one detector: triple riding + helmet risk + rain/wet road
ALL_MULTI_0019,2026-07-16 19:17:43,112,TRIPLE_HELMET_RAIN,motorcycle,,2,,DOUBLE_RIDING_MONITORING,POSSIBLE_NO_HELMET_RISK,,RAIN_WET_ROAD_HIGH_RISK,95.07,25,4,HIGH,500,0.62,Manual no-helmet verification | Rain/wet-road safety warning,All-in-one detector: triple riding + helmet risk + rain/wet road
ALL_MULTI_0020,2026-07-16 19:17:43,112,TRIPLE_HELMET_RAIN,motorcycle,,2,,DOUBLE_RIDING_MONITORING,POSSIBLE_NO_HELMET_RISK,,RAIN_WET_ROAD_HIGH_RISK,95.07,25,4,HIGH,500,0.49,Manual no-helmet verification | Rain/wet-road safety warning,All-in-one detector: triple riding + helmet risk + rain/wet road
ALL_MULTI_0021,2026-07-16 19:17:43,120,TRIPLE_HELMET_RAIN,motorcycle,,2,,DOUBLE_RIDING_MONITORING,POSSIBLE_NO_HELMET_RISK,,RAIN_WET_ROAD_HIGH_RISK,95.74,25,4,HIGH,500,0.53,Manual no-helmet verification | Rain/wet-road safety warning,All-in-one detector: triple riding + helmet risk + rain/wet road
ALL_MULTI_0022,2026-07-16 19:17:43,120,TRIPLE_HELMET_RAIN,motorcycle,,2,,DOUBLE_RIDING_MONITORING,POSSIBLE_NO_HELMET_RISK,,RAIN_WET_ROAD_HIGH_RISK,95.74,25,4,HIGH,500,0.43,Manual no-helmet verification | Rain/wet-road safety warning,All-in-one detector: triple riding + helmet risk + rain/wet road
ALL_RAIN_0023,2026-07-16 19:17:43,120,RAIN_WET_ROAD,,,,,,,,RAIN_WET_ROAD_HIGH_RISK,95.74,25,3,MEDIUM,0,0.85,Alert road safety team / warn riders,All-in-one detector: rain and wet-road risk
ALL_MULTI_0024,2026-07-16 19:17:43,128,TRIPLE_HELMET_RAIN,motorcycle,,0,,NO_RIDER_ASSOCIATED,NO_HELMET_RISK_NOT_CONFIRMED,,RAIN_WET_ROAD_HIGH_RISK,94.89,25,4,HIGH,0,0.56,Rain/wet-road safety warning,All-in-one detector: triple riding + helmet risk + rain/wet road
ALL_MULTI_0025,2026-07-16 19:17:43,128,TRIPLE_HELMET_RAIN,motorcycle,,2,,DOUBLE_RIDING_MONITORING,POSSIBLE_NO_HELMET_RISK,,RAIN_WET_ROAD_HIGH_RISK,94.89,25,4,HIGH,500,0.4,Manual no-helmet verification | Rain/wet-road safety warning,All-in-one detector: triple riding + helmet risk + rain/wet road
ALL_WRONG_0026,2026-07-16 19:17:44,134,WRONG_DIRECTION,motorcycle,6,,,,,WRONG_DIRECTION_TOWARDS_CAMERA,RAIN_WET_ROAD_HIGH_RISK,91.58,25,3,MEDIUM,2000,0.4,Flag wrong-direction vehicle for police review,All-in-one detector: wrong direction using movement and box growth
ALL_MULTI_0027,2026-07-16 19:17:44,136,TRIPLE_HELMET_RAIN,motorcycle,,2,,DOUBLE_RIDING_MONITORING,POSSIBLE_NO_HELMET_RISK,,RAIN_WET_ROAD_HIGH_RISK,91.22,25,4,HIGH,500,0.48,Manual no-helmet verification | Rain/wet-road safety warning,All-in-one detector: triple riding + helmet risk + rain/wet road
ALL_MULTI_0028,2026-07-16 19:17:44,136,TRIPLE_HELMET_RAIN,motorcycle,,2,,DOUBLE_RIDING_MONITORING,POSSIBLE_NO_HELMET_RISK,,RAIN_WET_ROAD_HIGH_RISK,91.22,25,4,HIGH,500,0.41,Manual no-helmet verification | Rain/wet-road safety warning,All-in-one detector: triple riding + helmet risk + rain/wet road
ALL_MULTI_0029,2026-07-16 19:17:44,136,TRIPLE_HELMET_RAIN,motorcycle,,2,,DOUBLE_RIDING_MONITORING,POSSIBLE_NO_HELMET_RISK,,RAIN_WET_ROAD_HIGH_RISK,91.22,25,4,HIGH,500,0.39,Manual no-helmet verification | Rain/wet-road safety warning,All-in-one detector: triple riding + helmet risk + rain/wet road
ALL_MULTI_0030,2026-07-16 19:17:44,144,TRIPLE_HELMET_RAIN,motorcycle,,4,,TRIPLE_RIDING_VIOLATION,POSSIBLE_NO_HELMET_RISK,,RAIN_WET_ROAD_HIGH_RISK,93.62,25,5,HIGH,1500,0.57,Generate triple-riding fine | Manual no-helmet verification | Rain/wet-road safety warning,All-in-one detector: triple riding + helmet risk + rain/wet road
ALL_MULTI_0031,2026-07-16 19:17:44,144,TRIPLE_HELMET_RAIN,motorcycle,,2,,DOUBLE_RIDING_MONITORING,POSSIBLE_NO_HELMET_RISK,,RAIN_WET_ROAD_HIGH_RISK,93.62,25,4,HIGH,500,0.5,Manual no-helmet verification | Rain/wet-road safety warning,All-in-one detector: triple riding + helmet risk + rain/wet road
ALL_MULTI_0032,2026-07-16 19:17:44,144,TRIPLE_HELMET_RAIN,motorcycle,,2,,DOUBLE_RIDING_MONITORING,POSSIBLE_NO_HELMET_RISK,,RAIN_WET_ROAD_HIGH_RISK,93.62,25,4,HIGH,500,0.42,Manual no-helmet verification | Rain/wet-road safety warning,All-in-one detector: triple riding + helmet risk + rain/wet road
ALL_RAIN_0033,2026-07-16 19:17:44,150,RAIN_WET_ROAD,,,,,,,,RAIN_WET_ROAD_HIGH_RISK,94.52,25,3,MEDIUM,0,0.85,Alert road safety team / warn riders,All-in-one detector: rain and wet-road risk
ALL_MULTI_0034,2026-07-16 19:17:45,152,TRIPLE_HELMET_RAIN,motorcycle,,3,,TRIPLE_RIDING_VIOLATION,POSSIBLE_NO_HELMET_RISK,,RAIN_WET_ROAD_HIGH_RISK,94.31,25,5,HIGH,1500,0.49,Generate triple-riding fine | Manual no-helmet verification | Rain/wet-road safety warning,All-in-one detector: triple riding + helmet risk + rain/wet road
ALL_MULTI_0035,2026-07-16 19:17:45,152,TRIPLE_HELMET_RAIN,motorcycle,,3,,TRIPLE_RIDING_VIOLATION,POSSIBLE_NO_HELMET_RISK,,RAIN_WET_ROAD_HIGH_RISK,94.31,25,5,HIGH,1500,0.45,Generate triple-riding fine | Manual no-helmet verification | Rain/wet-road safety warning,All-in-one detector: triple riding + helmet risk + rain/wet road
ALL_MULTI_0036,2026-07-16 19:17:45,152,TRIPLE_HELMET_RAIN,motorcycle,,4,,TRIPLE_RIDING_VIOLATION,POSSIBLE_NO_HELMET_RISK,,RAIN_WET_ROAD_HIGH_RISK,94.31,25,5,HIGH,1500,0.44,Generate triple-riding fine | Manual no-helmet verification | Rain/wet-road safety warning,All-in-one detector: triple riding + helmet risk + rain/wet road
ALL_MULTI_0037,2026-07-16 19:17:45,152,TRIPLE_HELMET_RAIN,motorcycle,,2,,DOUBLE_RIDING_MONITORING,POSSIBLE_NO_HELMET_RISK,,RAIN_WET_ROAD_HIGH_RISK,94.31,25,4,HIGH,500,0.43,Manual no-helmet verification | Rain/wet-road safety warning,All-in-one detector: triple riding + helmet risk + rain/wet road
ALL_MULTI_0038,2026-07-16 19:17:45,160,TRIPLE_HELMET_RAIN,motorcycle,,5,,TRIPLE_RIDING_VIOLATION,POSSIBLE_NO_HELMET_RISK,,RAIN_WET_ROAD_HIGH_RISK,94.8,25,5,HIGH,1500,0.53,Generate triple-riding fine | Manual no-helmet verification | Rain/wet-road safety warning,All-in-one detector: triple riding + helmet risk + rain/wet road
ALL_MULTI_0039,2026-07-16 19:17:45,160,TRIPLE_HELMET_RAIN,motorcycle,,3,,TRIPLE_RIDING_VIOLATION,POSSIBLE_NO_HELMET_RISK,,RAIN_WET_ROAD_HIGH_RISK,94.8,25,5,HIGH,1500,0.45,Generate triple-riding fine | Manual no-helmet verification | Rain/wet-road safety warning,All-in-one detector: triple riding + helmet risk + rain/wet road
ALL_MULTI_0040,2026-07-16 19:17:45,168,TRIPLE_HELMET_RAIN,motorcycle,,2,,DOUBLE_RIDING_MONITORING,POSSIBLE_NO_HELMET_RISK,,RAIN_WET_ROAD_HIGH_RISK,94.91,25,4,HIGH,500,0.47,Manual no-helmet verification | Rain/wet-road safety warning,All-in-one detector: triple riding + helmet risk + rain/wet road
ALL_MULTI_0041,2026-07-16 19:17:46,176,TRIPLE_HELMET_RAIN,motorcycle,,2,,DOUBLE_RIDING_MONITORING,POSSIBLE_NO_HELMET_RISK,,RAIN_WET_ROAD_HIGH_RISK,94.97,25,4,HIGH,500,0.42,Manual no-helmet verification | Rain/wet-road safety warning,All-in-one detector: triple riding + helmet risk + rain/wet road
ALL_RAIN_0042,2026-07-16 19:17:46,180,RAIN_WET_ROAD,,,,,,,,RAIN_WET_ROAD_HIGH_RISK,94.74,25,3,MEDIUM,0,0.85,Alert road safety team / warn riders,All-in-one detector: rain and wet-road risk
ALL_MULTI_0043,2026-07-16 19:17:47,184,TRIPLE_HELMET_RAIN,motorcycle,,3,,TRIPLE_RIDING_VIOLATION,POSSIBLE_NO_HELMET_RISK,,RAIN_WET_ROAD_HIGH_RISK,94.5,25,5,HIGH,1500,0.47,Generate triple-riding fine | Manual no-helmet verification | Rain/wet-road safety warning,All-in-one detector: triple riding + helmet risk + rain/wet road
ALL_MULTI_0044,2026-07-16 19:17:47,192,TRIPLE_HELMET_RAIN,motorcycle,,1,,SINGLE_RIDER,POSSIBLE_NO_HELMET_RISK,,RAIN_WET_ROAD_HIGH_RISK,94.22,25,4,HIGH,500,0.48,Manual no-helmet verification | Rain/wet-road safety warning,All-in-one detector: triple riding + helmet risk + rain/wet road
ALL_MULTI_0045,2026-07-16 19:17:48,200,TRIPLE_HELMET_RAIN,motorcycle,,2,,DOUBLE_RIDING_MONITORING,POSSIBLE_NO_HELMET_RISK,,RAIN_WET_ROAD_HIGH_RISK,93.96,25,4,HIGH,500,0.48,Manual no-helmet verification | Rain/wet-road safety warning,All-in-one detector: triple riding + helmet risk + rain/wet road
ALL_MULTI_0046,2026-07-16 19:17:48,208,TRIPLE_HELMET_RAIN,motorcycle,,1,,SINGLE_RIDER,POSSIBLE_NO_HELMET_RISK,,RAIN_WET_ROAD_HIGH_RISK,94.19,25,4,HIGH,500,0.53,Manual no-helmet verification | Rain/wet-road safety warning,All-in-one detector: triple riding + helmet risk + rain/wet road
ALL_RAIN_0047,2026-07-16 19:17:48,210,RAIN_WET_ROAD,,,,,,,,RAIN_WET_ROAD_HIGH_RISK,94.16,25,3,MEDIUM,0,0.85,Alert road safety team / warn riders,All-in-one detector: rain and wet-road risk
ALL_WRONG_0048,2026-07-16 19:17:49,221,WRONG_DIRECTION,car,8,,,,,WRONG_DIRECTION_TOWARDS_CAMERA,RAIN_WET_ROAD_HIGH_RISK,94.25,25,4,HIGH,2000,0.37,Flag wrong-direction vehicle for police review,All-in-one detector: wrong direction using movement and box growth
ALL_RAIN_0049,2026-07-16 19:17:49,240,RAIN_WET_ROAD,,,,,,,,RAIN_WET_ROAD_HIGH_RISK,93.98,25,3,MEDIUM,0,0.85,Alert road safety team / warn riders,All-in-one detector: rain and wet-road risk
ALL_WRONG_0050,2026-07-16 19:17:50,255,WRONG_DIRECTION,motorcycle,11,,,,,WRONG_DIRECTION_TOWARDS_CAMERA,RAIN_WET_ROAD_HIGH_RISK,93.25,25,3,MEDIUM,2000,0.4,Flag wrong-direction vehicle for police review,All-in-one detector: wrong direction using movement and box growth
ALL_WRONG_0051,2026-07-16 19:17:50,255,WRONG_DIRECTION,car,10,,,,,WRONG_DIRECTION_TOWARDS_CAMERA,RAIN_WET_ROAD_HIGH_RISK,93.25,25,4,HIGH,2000,0.36,Flag wrong-direction vehicle for police review,All-in-one detector: wrong direction using movement and box growth
ALL_MULTI_0052,2026-07-16 19:17:50,256,TRIPLE_HELMET_RAIN,motorcycle,,0,,NO_RIDER_ASSOCIATED,NO_HELMET_RISK_NOT_CONFIRMED,,RAIN_WET_ROAD_HIGH_RISK,92.91,25,4,HIGH,0,0.74,Rain/wet-road safety warning,All-in-one detector: triple riding + helmet risk + rain/wet road
ALL_MULTI_0053,2026-07-16 19:17:51,264,TRIPLE_HELMET_RAIN,motorcycle,,1,,SINGLE_RIDER,POSSIBLE_NO_HELMET_RISK,,RAIN_WET_ROAD_HIGH_RISK,93.44,25,4,HIGH,500,0.73,Manual no-helmet verification | Rain/wet-road safety warning,All-in-one detector: triple riding + helmet risk + rain/wet road
ALL_RAIN_0054,2026-07-16 19:17:51,270,RAIN_WET_ROAD,,,,,,,,RAIN_WET_ROAD_HIGH_RISK,93.54,25,3,MEDIUM,0,0.85,Alert road safety team / warn riders,All-in-one detector: rain and wet-road risk
ALL_MULTI_0055,2026-07-16 19:17:51,272,TRIPLE_HELMET_RAIN,motorcycle,,2,,DOUBLE_RIDING_MONITORING,POSSIBLE_NO_HELMET_RISK,,RAIN_WET_ROAD_HIGH_RISK,93.75,25,4,HIGH,500,0.8,Manual no-helmet verification | Rain/wet-road safety warning,All-in-one detector: triple riding + helmet risk + rain/wet road
ALL_MULTI_0056,2026-07-16 19:17:52,280,TRIPLE_HELMET_RAIN,motorcycle,,2,,DOUBLE_RIDING_MONITORING,POSSIBLE_NO_HELMET_RISK,,RAIN_WET_ROAD_HIGH_RISK,93.63,25,4,HIGH,500,0.78,Manual no-helmet verification | Rain/wet-road safety warning,All-in-one detector: triple riding + helmet risk + rain/wet road
ALL_MULTI_0057,2026-07-16 19:17:52,288,TRIPLE_HELMET_RAIN,motorcycle,,2,,DOUBLE_RIDING_MONITORING,POSSIBLE_NO_HELMET_RISK,,RAIN_WET_ROAD_HIGH_RISK,93.68,25,4,HIGH,500,0.74,Manual no-helmet verification | Rain/wet-road safety warning,All-in-one detector: triple riding + helmet risk + rain/wet road
ALL_MULTI_0058,2026-07-16 19:17:52,296,TRIPLE_HELMET_RAIN,motorcycle,,1,,SINGLE_RIDER,POSSIBLE_NO_HELMET_RISK,,RAIN_WET_ROAD_HIGH_RISK,93.73,25,4,HIGH,500,0.48,Manual no-helmet verification | Rain/wet-road safety warning,All-in-one detector: triple riding + helmet risk + rain/wet road
ALL_RAIN_0059,2026-07-16 19:17:53,300,RAIN_WET_ROAD,,,,,,,,RAIN_WET_ROAD_HIGH_RISK,94.19,25,3,MEDIUM,0,0.85,Alert road safety team / warn riders,All-in-one detector: rain and wet-road risk
ALL_MULTI_0060,2026-07-16 19:17:53,304,TRIPLE_HELMET_RAIN,motorcycle,,2,,DOUBLE_RIDING_MONITORING,POSSIBLE_NO_HELMET_RISK,,RAIN_WET_ROAD_HIGH_RISK,93.55,25,4,HIGH,500,0.62,Manual no-helmet verification | Rain/wet-road safety warning,All-in-one detector: triple riding + helmet risk + rain/wet road
ALL_MULTI_0061,2026-07-16 19:17:53,304,TRIPLE_HELMET_RAIN,motorcycle,,2,,DOUBLE_RIDING_MONITORING,POSSIBLE_NO_HELMET_RISK,,RAIN_WET_ROAD_HIGH_RISK,93.55,25,4,HIGH,500,0.46,Manual no-helmet verification | Rain/wet-road safety warning,All-in-one detector: triple riding + helmet risk + rain/wet road
ALL_RAIN_0062,2026-07-16 19:17:54,330,RAIN_WET_ROAD,,,,,,,,RAIN_WET_ROAD_HIGH_RISK,94.99,25,3,MEDIUM,0,0.85,Alert road safety team / warn riders,All-in-one detector: rain and wet-road risk
ALL_WRONG_0063,2026-07-16 19:17:55,357,WRONG_DIRECTION,car,13,,,,,WRONG_DIRECTION_TOWARDS_CAMERA,RAIN_WET_ROAD_HIGH_RISK,95.3,25,4,HIGH,2000,0.35,Flag wrong-direction vehicle for police review,All-in-one detector: wrong direction using movement and box growth
ALL_MULTI_0064,2026-07-16 19:17:57,360,TRIPLE_HELMET_RAIN,motorcycle,,2,,DOUBLE_RIDING_MONITORING,POSSIBLE_NO_HELMET_RISK,,RAIN_WET_ROAD_HIGH_RISK,95.32,25,4,HIGH,500,0.35,Manual no-helmet verification | Rain/wet-road safety warning,All-in-one detector: triple riding + helmet risk + rain/wet road
ALL_RAIN_0065,2026-07-16 19:17:57,360,RAIN_WET_ROAD,,,,,,,,RAIN_WET_ROAD_HIGH_RISK,95.32,25,3,MEDIUM,0,0.85,Alert road safety team / warn riders,All-in-one detector: rain and wet-road risk
ALL_WRONG_0066,2026-07-16 19:17:57,370,WRONG_DIRECTION,bus,14,,,,,WRONG_DIRECTION_TOWARDS_CAMERA,RAIN_WET_ROAD_HIGH_RISK,95.22,25,5,HIGH,2000,0.39,Flag wrong-direction vehicle for police review,All-in-one detector: wrong direction using movement and box growth
ALL_RAIN_0067,2026-07-16 19:17:58,390,RAIN_WET_ROAD,,,,,,,,RAIN_WET_ROAD_HIGH_RISK,94.3,25,3,MEDIUM,0,0.85,Alert road safety team / warn riders,All-in-one detector: rain and wet-road risk
ALL_WRONG_0068,2026-07-16 19:17:58,395,WRONG_DIRECTION,truck,15,,,,,WRONG_DIRECTION_TOWARDS_CAMERA,RAIN_WET_ROAD_HIGH_RISK,93.26,25,5,HIGH,2000,0.64,Flag wrong-direction vehicle for police review,All-in-one detector: wrong direction using movement and box growth
ALL_MULTI_0069,2026-07-16 19:17:59,408,TRIPLE_HELMET_RAIN,motorcycle,,1,,SINGLE_RIDER,POSSIBLE_NO_HELMET_RISK,,RAIN_WET_ROAD_HIGH_RISK,92.8,25,4,HIGH,500,0.39,Manual no-helmet verification | Rain/wet-road safety warning,All-in-one detector: triple riding + helmet risk + rain/wet road
ALL_RAIN_0070,2026-07-16 19:17:59,420,RAIN_WET_ROAD,,,,,,,,RAIN_WET_ROAD_HIGH_RISK,94.38,25,3,MEDIUM,0,0.85,Alert road safety team / warn riders,All-in-one detector: rain and wet-road risk
ALL_MULTI_0071,2026-07-16 19:18:01,448,TRIPLE_HELMET_RAIN,motorcycle,,0,,NO_RIDER_ASSOCIATED,NO_HELMET_RISK_NOT_CONFIRMED,,RAIN_WET_ROAD_HIGH_RISK,94.56,25,4,HIGH,0,0.37,Rain/wet-road safety warning,All-in-one detector: triple riding + helmet risk + rain/wet road
ALL_RAIN_0072,2026-07-16 19:18:01,450,RAIN_WET_ROAD,,,,,,,,RAIN_WET_ROAD_HIGH_RISK,94.28,25,3,MEDIUM,0,0.85,Alert road safety team / warn riders,All-in-one detector: rain and wet-road risk
ALL_WRONG_0073,2026-07-16 19:18:01,451,WRONG_DIRECTION,motorcycle,16,,,,,WRONG_DIRECTION_TOWARDS_CAMERA,RAIN_WET_ROAD_HIGH_RISK,94.14,25,3,MEDIUM,2000,0.49,Flag wrong-direction vehicle for police review,All-in-one detector: wrong direction using movement and box growth
ALL_MULTI_0074,2026-07-16 19:18:01,456,TRIPLE_HELMET_RAIN,motorcycle,,1,,SINGLE_RIDER,POSSIBLE_NO_HELMET_RISK,,RAIN_WET_ROAD_HIGH_RISK,94.16,25,4,HIGH,500,0.66,Manual no-helmet verification | Rain/wet-road safety warning,All-in-one detector: triple riding + helmet risk + rain/wet road
ALL_MULTI_0075,2026-07-16 19:18:02,464,TRIPLE_HELMET_RAIN,motorcycle,,1,,SINGLE_RIDER,POSSIBLE_NO_HELMET_RISK,,RAIN_WET_ROAD_HIGH_RISK,94.42,25,4,HIGH,500,0.43,Manual no-helmet verification | Rain/wet-road safety warning,All-in-one detector: triple riding + helmet risk + rain/wet road
ALL_MULTI_0076,2026-07-16 19:18:02,472,TRIPLE_HELMET_RAIN,motorcycle,,1,,SINGLE_RIDER,POSSIBLE_NO_HELMET_RISK,,RAIN_WET_ROAD_HIGH_RISK,94.37,25,4,HIGH,500,0.5,Manual no-helmet verification | Rain/wet-road safety warning,All-in-one detector: triple riding + helmet risk + rain/wet road
ALL_MULTI_0077,2026-07-16 19:18:02,480,TRIPLE_HELMET_RAIN,motorcycle,,0,,NO_RIDER_ASSOCIATED,NO_HELMET_RISK_NOT_CONFIRMED,,RAIN_WET_ROAD_HIGH_RISK,95.0,25,4,HIGH,0,0.37,Rain/wet-road safety warning,All-in-one detector: triple riding + helmet risk + rain/wet road
ALL_RAIN_0078,2026-07-16 19:18:02,480,RAIN_WET_ROAD,,,,,,,,RAIN_WET_ROAD_HIGH_RISK,95.0,25,3,MEDIUM,0,0.85,Alert road safety team / warn riders,All-in-one detector: rain and wet-road risk
ALL_MULTI_0079,2026-07-16 19:18:03,488,TRIPLE_HELMET_RAIN,motorcycle,,1,,SINGLE_RIDER,POSSIBLE_NO_HELMET_RISK,,RAIN_WET_ROAD_HIGH_RISK,94.97,25,4,HIGH,500,0.49,Manual no-helmet verification | Rain/wet-road safety warning,All-in-one detector: triple riding + helmet risk + rain/wet road
ALL_RAIN_0080,2026-07-16 19:18:04,510,RAIN_WET_ROAD,,,,,,,,RAIN_WET_ROAD_HIGH_RISK,91.45,25,3,MEDIUM,0,0.85,Alert road safety team / warn riders,All-in-one detector: rain and wet-road risk
ALL_WRONG_0081,2026-07-16 19:18:04,517,WRONG_DIRECTION,bus,17,,,,,WRONG_DIRECTION_TOWARDS_CAMERA,RAIN_WET_ROAD_HIGH_RISK,88.15,25,5,HIGH,2000,0.62,Flag wrong-direction vehicle for police review,All-in-one detector: wrong direction using movement and box growth
ALL_RAIN_0082,2026-07-16 19:18:09,540,RAIN_WET_ROAD,,,,,,,,RAIN_WET_ROAD_HIGH_RISK,76.89,25,3,MEDIUM,0,0.85,Alert road safety team / warn riders,All-in-one detector: rain and wet-road risk
ALL_RAIN_0083,2026-07-16 19:18:12,570,RAIN_WET_ROAD,,,,,,,,RAIN_WET_ROAD_HIGH_RISK,93.25,25,3,MEDIUM,0,0.85,Alert road safety team / warn riders,All-in-one detector: rain and wet-road risk
ALL_RAIN_0084,2026-07-16 19:18:15,600,RAIN_WET_ROAD,,,,,,,,RAIN_WET_ROAD_HIGH_RISK,94.69,25,3,MEDIUM,0,0.85,Alert road safety team / warn riders,All-in-one detector: rain and wet-road risk
ALL_WRONG_0085,2026-07-16 19:18:16,607,WRONG_DIRECTION,car,18,,,,,WRONG_DIRECTION_TOWARDS_CAMERA,RAIN_WET_ROAD_HIGH_RISK,93.87,25,4,HIGH,2000,0.65,Flag wrong-direction vehicle for police review,All-in-one detector: wrong direction using movement and box growth
ALL_RAIN_0086,2026-07-16 19:18:25,630,RAIN_WET_ROAD,,,,,,,,RAIN_WET_ROAD_HIGH_RISK,93.43,25,3,MEDIUM,0,0.85,Alert road safety team / warn riders,All-in-one detector: rain and wet-road risk
ALL_WRONG_0087,2026-07-16 19:18:28,657,WRONG_DIRECTION,car,19,,,,,WRONG_DIRECTION_TOWARDS_CAMERA,RAIN_WET_ROAD_HIGH_RISK,92.89,25,4,HIGH,2000,0.48,Flag wrong-direction vehicle for police review,All-in-one detector: wrong direction using movement and box growth
ALL_RAIN_0088,2026-07-16 19:18:28,660,RAIN_WET_ROAD,,,,,,,,RAIN_WET_ROAD_HIGH_RISK,92.95,25,3,MEDIUM,0,0.85,Alert road safety team / warn riders,All-in-one detector: rain and wet-road risk
ALL_MULTI_0089,2026-07-16 19:18:29,664,TRIPLE_HELMET_RAIN,motorcycle,,1,,SINGLE_RIDER,POSSIBLE_NO_HELMET_RISK,,RAIN_WET_ROAD_HIGH_RISK,92.62,25,4,HIGH,500,0.64,Manual no-helmet verification | Rain/wet-road safety warning,All-in-one detector: triple riding + helmet risk + rain/wet road
ALL_MULTI_0090,2026-07-16 19:18:29,672,TRIPLE_HELMET_RAIN,motorcycle,,1,,SINGLE_RIDER,POSSIBLE_NO_HELMET_RISK,,RAIN_WET_ROAD_HIGH_RISK,93.66,25,4,HIGH,500,0.78,Manual no-helmet verification | Rain/wet-road safety warning,All-in-one detector: triple riding + helmet risk + rain/wet road
ALL_MULTI_0091,2026-07-16 19:18:30,680,TRIPLE_HELMET_RAIN,motorcycle,,1,,SINGLE_RIDER,POSSIBLE_NO_HELMET_RISK,,RAIN_WET_ROAD_HIGH_RISK,94.07,25,4,HIGH,500,0.68,Manual no-helmet verification | Rain/wet-road safety warning,All-in-one detector: triple riding + helmet risk + rain/wet road
ALL_MULTI_0092,2026-07-16 19:18:30,688,TRIPLE_HELMET_RAIN,motorcycle,,0,,NO_RIDER_ASSOCIATED,NO_HELMET_RISK_NOT_CONFIRMED,,RAIN_WET_ROAD_HIGH_RISK,93.87,25,4,HIGH,0,0.58,Rain/wet-road safety warning,All-in-one detector: triple riding + helmet risk + rain/wet road
ALL_MULTI_0093,2026-07-16 19:18:30,688,TRIPLE_HELMET_RAIN,motorcycle,,1,,SINGLE_RIDER,POSSIBLE_NO_HELMET_RISK,,RAIN_WET_ROAD_HIGH_RISK,93.87,25,4,HIGH,500,0.51,Manual no-helmet verification | Rain/wet-road safety warning,All-in-one detector: triple riding + helmet risk + rain/wet road
ALL_MULTI_0094,2026-07-16 19:18:30,688,TRIPLE_HELMET_RAIN,motorcycle,,0,,NO_RIDER_ASSOCIATED,NO_HELMET_RISK_NOT_CONFIRMED,,RAIN_WET_ROAD_HIGH_RISK,93.87,25,4,HIGH,0,0.47,Rain/wet-road safety warning,All-in-one detector: triple riding + helmet risk + rain/wet road
ALL_WRONG_0095,2026-07-16 19:18:30,690,WRONG_DIRECTION,motorcycle,20,,,,,WRONG_DIRECTION_TOWARDS_CAMERA,RAIN_WET_ROAD_HIGH_RISK,92.36,25,3,MEDIUM,2000,0.4,Flag wrong-direction vehicle for police review,All-in-one detector: wrong direction using movement and box growth
ALL_RAIN_0096,2026-07-16 19:18:30,690,RAIN_WET_ROAD,,,,,,,,RAIN_WET_ROAD_HIGH_RISK,92.36,25,3,MEDIUM,0,0.85,Alert road safety team / warn riders,All-in-one detector: rain and wet-road risk
ALL_MULTI_0097,2026-07-16 19:18:31,696,TRIPLE_HELMET_RAIN,motorcycle,,1,,SINGLE_RIDER,POSSIBLE_NO_HELMET_RISK,,RAIN_WET_ROAD_HIGH_RISK,87.63,25,4,HIGH,500,0.8,Manual no-helmet verification | Rain/wet-road safety warning,All-in-one detector: triple riding + helmet risk + rain/wet road
ALL_MULTI_0098,2026-07-16 19:18:31,696,TRIPLE_HELMET_RAIN,motorcycle,,1,,SINGLE_RIDER,POSSIBLE_NO_HELMET_RISK,,RAIN_WET_ROAD_HIGH_RISK,87.63,25,4,HIGH,500,0.51,Manual no-helmet verification | Rain/wet-road safety warning,All-in-one detector: triple riding + helmet risk + rain/wet road
ALL_MULTI_0099,2026-07-16 19:18:31,704,TRIPLE_HELMET_RAIN,motorcycle,,2,,DOUBLE_RIDING_MONITORING,POSSIBLE_NO_HELMET_RISK,,RAIN_WET_ROAD_HIGH_RISK,80.93,25,4,HIGH,500,0.56,Manual no-helmet verification | Rain/wet-road safety warning,All-in-one detector: triple riding + helmet risk + rain/wet road
ALL_MULTI_0100,2026-07-16 19:18:31,704,TRIPLE_HELMET_RAIN,motorcycle,,1,,SINGLE_RIDER,POSSIBLE_NO_HELMET_RISK,,RAIN_WET_ROAD_HIGH_RISK,80.93,25,4,HIGH,500,0.52,Manual no-helmet verification | Rain/wet-road safety warning,All-in-one detector: triple riding + helmet risk + rain/wet road
ALL_MULTI_0101,2026-07-16 19:18:31,712,TRIPLE_HELMET_RAIN,motorcycle,,1,,SINGLE_RIDER,POSSIBLE_NO_HELMET_RISK,,RAIN_WET_ROAD_HIGH_RISK,77.61,25,4,HIGH,500,0.63,Manual no-helmet verification | Rain/wet-road safety warning,All-in-one detector: triple riding + helmet risk + rain/wet road
ALL_MULTI_0102,2026-07-16 19:18:31,712,TRIPLE_HELMET_RAIN,motorcycle,,0,,NO_RIDER_ASSOCIATED,NO_HELMET_RISK_NOT_CONFIRMED,,RAIN_WET_ROAD_HIGH_RISK,77.61,25,4,HIGH,0,0.43,Rain/wet-road safety warning,All-in-one detector: triple riding + helmet risk + rain/wet road
ALL_MULTI_0103,2026-07-16 19:18:36,720,TRIPLE_HELMET_RAIN,motorcycle,,0,,NO_RIDER_ASSOCIATED,NO_HELMET_RISK_NOT_CONFIRMED,,RAIN_WET_ROAD_HIGH_RISK,80.01,25,4,HIGH,0,0.5,Rain/wet-road safety warning,All-in-one detector: triple riding + helmet risk + rain/wet road
ALL_RAIN_0104,2026-07-16 19:18:36,720,RAIN_WET_ROAD,,,,,,,,RAIN_WET_ROAD_HIGH_RISK,80.01,25,3,MEDIUM,0,0.85,Alert road safety team / warn riders,All-in-one detector: rain and wet-road risk
ALL_MULTI_0105,2026-07-16 19:18:37,728,TRIPLE_HELMET_RAIN,motorcycle,,3,,TRIPLE_RIDING_VIOLATION,POSSIBLE_NO_HELMET_RISK,,RAIN_WET_ROAD_HIGH_RISK,85.65,25,5,HIGH,1500,0.66,Generate triple-riding fine | Manual no-helmet verification | Rain/wet-road safety warning,All-in-one detector: triple riding + helmet risk + rain/wet road
ALL_MULTI_0106,2026-07-16 19:18:37,728,TRIPLE_HELMET_RAIN,motorcycle,,0,,NO_RIDER_ASSOCIATED,NO_HELMET_RISK_NOT_CONFIRMED,,RAIN_WET_ROAD_HIGH_RISK,85.65,25,4,HIGH,0,0.41,Rain/wet-road safety warning,All-in-one detector: triple riding + helmet risk + rain/wet road
ALL_MULTI_0107,2026-07-16 19:18:38,736,TRIPLE_HELMET_RAIN,motorcycle,,1,,SINGLE_RIDER,POSSIBLE_NO_HELMET_RISK,,RAIN_WET_ROAD_HIGH_RISK,87.72,25,4,HIGH,500,0.7,Manual no-helmet verification | Rain/wet-road safety warning,All-in-one detector: triple riding + helmet risk + rain/wet road
ALL_MULTI_0108,2026-07-16 19:18:39,744,TRIPLE_HELMET_RAIN,motorcycle,,2,,DOUBLE_RIDING_MONITORING,POSSIBLE_NO_HELMET_RISK,,RAIN_WET_ROAD_HIGH_RISK,88.19,25,4,HIGH,500,0.46,Manual no-helmet verification | Rain/wet-road safety warning,All-in-one detector: triple riding + helmet risk + rain/wet road
ALL_MULTI_0109,2026-07-16 19:18:39,744,TRIPLE_HELMET_RAIN,motorcycle,,1,,SINGLE_RIDER,POSSIBLE_NO_HELMET_RISK,,RAIN_WET_ROAD_HIGH_RISK,88.19,25,4,HIGH,500,0.45,Manual no-helmet verification | Rain/wet-road safety warning,All-in-one detector: triple riding + helmet risk + rain/wet road
ALL_RAIN_0110,2026-07-16 19:18:40,750,RAIN_WET_ROAD,,,,,,,,RAIN_WET_ROAD_HIGH_RISK,88.62,25,3,MEDIUM,0,0.85,Alert road safety team / warn riders,All-in-one detector: rain and wet-road risk
ALL_MULTI_0111,2026-07-16 19:18:40,752,TRIPLE_HELMET_RAIN,motorcycle,,1,,SINGLE_RIDER,POSSIBLE_NO_HELMET_RISK,,RAIN_WET_ROAD_HIGH_RISK,88.56,25,4,HIGH,500,0.57,Manual no-helmet verification | Rain/wet-road safety warning,All-in-one detector: triple riding + helmet risk + rain/wet road
ALL_MULTI_0112,2026-07-16 19:18:40,752,TRIPLE_HELMET_RAIN,motorcycle,,0,,NO_RIDER_ASSOCIATED,NO_HELMET_RISK_NOT_CONFIRMED,,RAIN_WET_ROAD_HIGH_RISK,88.56,25,4,HIGH,0,0.46,Rain/wet-road safety warning,All-in-one detector: triple riding + helmet risk + rain/wet road
ALL_WRONG_0113,2026-07-16 19:18:40,759,WRONG_DIRECTION,car,21,,,,,WRONG_DIRECTION_TOWARDS_CAMERA,RAIN_WET_ROAD_HIGH_RISK,89.18,25,4,HIGH,2000,0.79,Flag wrong-direction vehicle for police review,All-in-one detector: wrong direction using movement and box growth
ALL_MULTI_0114,2026-07-16 19:18:41,760,TRIPLE_HELMET_RAIN,motorcycle,,1,,SINGLE_RIDER,POSSIBLE_NO_HELMET_RISK,,RAIN_WET_ROAD_HIGH_RISK,89.03,25,4,HIGH,500,0.51,Manual no-helmet verification | Rain/wet-road safety warning,All-in-one detector: triple riding + helmet risk + rain/wet road
ALL_MULTI_0115,2026-07-16 19:18:41,760,TRIPLE_HELMET_RAIN,motorcycle,,0,,NO_RIDER_ASSOCIATED,NO_HELMET_RISK_NOT_CONFIRMED,,RAIN_WET_ROAD_HIGH_RISK,89.03,25,4,HIGH,0,0.46,Rain/wet-road safety warning,All-in-one detector: triple riding + helmet risk + rain/wet road
ALL_MULTI_0116,2026-07-16 19:18:41,768,TRIPLE_HELMET_RAIN,motorcycle,,1,,SINGLE_RIDER,POSSIBLE_NO_HELMET_RISK,,RAIN_WET_ROAD_HIGH_RISK,89.3,25,4,HIGH,500,0.49,Manual no-helmet verification | Rain/wet-road safety warning,All-in-one detector: triple riding + helmet risk + rain/wet road
ALL_MULTI_0117,2026-07-16 19:18:42,776,TRIPLE_HELMET_RAIN,motorcycle,,2,,DOUBLE_RIDING_MONITORING,POSSIBLE_NO_HELMET_RISK,,RAIN_WET_ROAD_HIGH_RISK,88.91,25,4,HIGH,500,0.44,Manual no-helmet verification | Rain/wet-road safety warning,All-in-one detector: triple riding + helmet risk + rain/wet road
ALL_RAIN_0118,2026-07-16 19:18:42,780,RAIN_WET_ROAD,,,,,,,,RAIN_WET_ROAD_HIGH_RISK,87.77,25,3,MEDIUM,0,0.85,Alert road safety team / warn riders,All-in-one detector: rain and wet-road risk
ALL_MULTI_0119,2026-07-16 19:18:43,784,TRIPLE_HELMET_RAIN,motorcycle,,1,,SINGLE_RIDER,POSSIBLE_NO_HELMET_RISK,,RAIN_WET_ROAD_HIGH_RISK,88.36,25,4,HIGH,500,0.6,Manual no-helmet verification | Rain/wet-road safety warning,All-in-one detector: triple riding + helmet risk + rain/wet road
ALL_MULTI_0120,2026-07-16 19:18:43,784,TRIPLE_HELMET_RAIN,motorcycle,,0,,NO_RIDER_ASSOCIATED,NO_HELMET_RISK_NOT_CONFIRMED,,RAIN_WET_ROAD_HIGH_RISK,88.36,25,4,HIGH,0,0.4,Rain/wet-road safety warning,All-in-one detector: triple riding + helmet risk + rain/wet road
ALL_MULTI_0121,2026-07-16 19:18:44,792,TRIPLE_HELMET_RAIN,motorcycle,,1,,SINGLE_RIDER,POSSIBLE_NO_HELMET_RISK,,RAIN_WET_ROAD_HIGH_RISK,91.32,25,4,HIGH,500,0.62,Manual no-helmet verification | Rain/wet-road safety warning,All-in-one detector: triple riding + helmet risk + rain/wet road
ALL_MULTI_0122,2026-07-16 19:18:44,792,TRIPLE_HELMET_RAIN,motorcycle,,0,,NO_RIDER_ASSOCIATED,NO_HELMET_RISK_NOT_CONFIRMED,,RAIN_WET_ROAD_HIGH_RISK,91.32,25,4,HIGH,0,0.47,Rain/wet-road safety warning,All-in-one detector: triple riding + helmet risk + rain/wet road
ALL_MULTI_0123,2026-07-16 19:18:44,800,TRIPLE_HELMET_RAIN,motorcycle,,1,,SINGLE_RIDER,POSSIBLE_NO_HELMET_RISK,,RAIN_WET_ROAD_HIGH_RISK,92.32,25,4,HIGH,500,0.68,Manual no-helmet verification | Rain/wet-road safety warning,All-in-one detector: triple riding + helmet risk + rain/wet road
ALL_MULTI_0124,2026-07-16 19:18:44,800,TRIPLE_HELMET_RAIN,motorcycle,,0,,NO_RIDER_ASSOCIATED,NO_HELMET_RISK_NOT_CONFIRMED,,RAIN_WET_ROAD_HIGH_RISK,92.32,25,4,HIGH,0,0.44,Rain/wet-road safety warning,All-in-one detector: triple riding + helmet risk + rain/wet road
ALL_MULTI_0125,2026-07-16 19:18:45,808,TRIPLE_HELMET_RAIN,motorcycle,,3,,TRIPLE_RIDING_VIOLATION,POSSIBLE_NO_HELMET_RISK,,RAIN_WET_ROAD_HIGH_RISK,92.85,25,5,HIGH,1500,0.56,Generate triple-riding fine | Manual no-helmet verification | Rain/wet-road safety warning,All-in-one detector: triple riding + helmet risk + rain/wet road
ALL_MULTI_0126,2026-07-16 19:18:45,808,TRIPLE_HELMET_RAIN,motorcycle,,2,,DOUBLE_RIDING_MONITORING,POSSIBLE_NO_HELMET_RISK,,RAIN_WET_ROAD_HIGH_RISK,92.85,25,4,HIGH,500,0.44,Manual no-helmet verification | Rain/wet-road safety warning,All-in-one detector: triple riding + helmet risk + rain/wet road
ALL_MULTI_0127,2026-07-16 19:18:45,808,TRIPLE_HELMET_RAIN,motorcycle,,3,,TRIPLE_RIDING_VIOLATION,POSSIBLE_NO_HELMET_RISK,,RAIN_WET_ROAD_HIGH_RISK,92.85,25,5,HIGH,1500,0.43,Generate triple-riding fine | Manual no-helmet verification | Rain/wet-road safety warning,All-in-one detector: triple riding + helmet risk + rain/wet road
ALL_RAIN_0128,2026-07-16 19:18:51,810,RAIN_WET_ROAD,,,,,,,,RAIN_WET_ROAD_HIGH_RISK,93.25,25,3,MEDIUM,0,0.85,Alert road safety team / warn riders,All-in-one detector: rain and wet-road risk
ALL_MULTI_0129,2026-07-16 19:18:52,816,TRIPLE_HELMET_RAIN,motorcycle,,2,,DOUBLE_RIDING_MONITORING,POSSIBLE_NO_HELMET_RISK,,RAIN_WET_ROAD_HIGH_RISK,84.15,25,4,HIGH,500,0.52,Manual no-helmet verification | Rain/wet-road safety warning,All-in-one detector: triple riding + helmet risk + rain/wet road
ALL_MULTI_0130,2026-07-16 19:18:52,816,TRIPLE_HELMET_RAIN,motorcycle,,2,,DOUBLE_RIDING_MONITORING,POSSIBLE_NO_HELMET_RISK,,RAIN_WET_ROAD_HIGH_RISK,84.15,25,4,HIGH,500,0.44,Manual no-helmet verification | Rain/wet-road safety warning,All-in-one detector: triple riding + helmet risk + rain/wet road
ALL_MULTI_0131,2026-07-16 19:18:53,824,TRIPLE_HELMET_RAIN,motorcycle,,2,,DOUBLE_RIDING_MONITORING,POSSIBLE_NO_HELMET_RISK,,RAIN_WET_ROAD_HIGH_RISK,58.02,25,4,HIGH,500,0.65,Manual no-helmet verification | Rain/wet-road safety warning,All-in-one detector: triple riding + helmet risk + rain/wet road
ALL_WRONG_0132,2026-07-16 19:18:53,831,WRONG_DIRECTION,truck,22,,,,,WRONG_DIRECTION_TOWARDS_CAMERA,RAIN_WET_ROAD_HIGH_RISK,54.21,25,5,HIGH,2000,0.69,Flag wrong-direction vehicle for police review,All-in-one detector: wrong direction using movement and box growth
ALL_RAIN_0133,2026-07-16 19:18:54,840,RAIN_WET_ROAD,,,,,,,,RAIN_WET_ROAD_HIGH_RISK,60.25,25,3,MEDIUM,0,0.85,Alert road safety team / warn riders,All-in-one detector: rain and wet-road risk
ALL_MULTI_0134,2026-07-16 19:18:56,856,TRIPLE_HELMET_RAIN,motorcycle,,1,,SINGLE_RIDER,POSSIBLE_NO_HELMET_RISK,,RAIN_WET_ROAD_HIGH_RISK,69.78,25,4,HIGH,500,0.46,Manual no-helmet verification | Rain/wet-road safety warning,All-in-one detector: triple riding + helmet risk + rain/wet road
ALL_WRONG_0135,2026-07-16 19:18:57,862,WRONG_DIRECTION,motorcycle,23,,,,,WRONG_DIRECTION_TOWARDS_CAMERA,RAIN_WET_ROAD_HIGH_RISK,75.35,25,3,MEDIUM,2000,0.39,Flag wrong-direction vehicle for police review,All-in-one detector: wrong direction using movement and box growth
ALL_MULTI_0136,2026-07-16 19:18:57,864,TRIPLE_HELMET_RAIN,motorcycle,,1,,SINGLE_RIDER,POSSIBLE_NO_HELMET_RISK,,RAIN_WET_ROAD_HIGH_RISK,77.7,25,4,HIGH,500,0.79,Manual no-helmet verification | Rain/wet-road safety warning,All-in-one detector: triple riding + helmet risk + rain/wet road
ALL_RAIN_0137,2026-07-16 19:18:58,870,RAIN_WET_ROAD,,,,,,,,RAIN_WET_ROAD_HIGH_RISK,84.39,25,3,MEDIUM,0,0.85,Alert road safety team / warn riders,All-in-one detector: rain and wet-road risk
ALL_MULTI_0138,2026-07-16 19:18:58,872,TRIPLE_HELMET_RAIN,motorcycle,,1,,SINGLE_RIDER,POSSIBLE_NO_HELMET_RISK,,RAIN_WET_ROAD_HIGH_RISK,85.85,25,4,HIGH,500,0.64,Manual no-helmet verification | Rain/wet-road safety warning,All-in-one detector: triple riding + helmet risk + rain/wet road
ALL_MULTI_0139,2026-07-16 19:18:59,880,TRIPLE_HELMET_RAIN,motorcycle,,2,,DOUBLE_RIDING_MONITORING,POSSIBLE_NO_HELMET_RISK,,RAIN_WET_ROAD_HIGH_RISK,91.2,25,4,HIGH,500,0.64,Manual no-helmet verification | Rain/wet-road safety warning,All-in-one detector: triple riding + helmet risk + rain/wet road
ALL_MULTI_0140,2026-07-16 19:18:59,888,TRIPLE_HELMET_RAIN,motorcycle,,1,,SINGLE_RIDER,POSSIBLE_NO_HELMET_RISK,,RAIN_WET_ROAD_HIGH_RISK,94.16,25,4,HIGH,500,0.65,Manual no-helmet verification | Rain/wet-road safety warning,All-in-one detector: triple riding + helmet risk + rain/wet road
ALL_MULTI_0141,2026-07-16 19:18:59,888,TRIPLE_HELMET_RAIN,motorcycle,,0,,NO_RIDER_ASSOCIATED,NO_HELMET_RISK_NOT_CONFIRMED,,RAIN_WET_ROAD_HIGH_RISK,94.16,25,4,HIGH,0,0.38,Rain/wet-road safety warning,All-in-one detector: triple riding + helmet risk + rain/wet road
ALL_MULTI_0142,2026-07-16 19:19:00,896,TRIPLE_HELMET_RAIN,motorcycle,,1,,SINGLE_RIDER,POSSIBLE_NO_HELMET_RISK,,RAIN_WET_ROAD_HIGH_RISK,94.55,25,4,HIGH,500,0.52,Manual no-helmet verification | Rain/wet-road safety warning,All-in-one detector: triple riding + helmet risk + rain/wet road
ALL_MULTI_0143,2026-07-16 19:19:00,896,TRIPLE_HELMET_RAIN,motorcycle,,0,,NO_RIDER_ASSOCIATED,NO_HELMET_RISK_NOT_CONFIRMED,,RAIN_WET_ROAD_HIGH_RISK,94.55,25,4,HIGH,0,0.51,Rain/wet-road safety warning,All-in-one detector: triple riding + helmet risk + rain/wet road
ALL_WRONG_0144,2026-07-16 19:19:02,900,WRONG_DIRECTION,motorcycle,24,,,,,WRONG_DIRECTION_TOWARDS_CAMERA,RAIN_WET_ROAD_HIGH_RISK,94.6,25,3,MEDIUM,2000,0.51,Flag wrong-direction vehicle for police review,All-in-one detector: wrong direction using movement and box growth
ALL_RAIN_0145,2026-07-16 19:19:03,900,RAIN_WET_ROAD,,,,,,,,RAIN_WET_ROAD_HIGH_RISK,94.6,25,3,MEDIUM,0,0.85,Alert road safety team / warn riders,All-in-one detector: rain and wet-road risk
ALL_MULTI_0146,2026-07-16 19:19:03,904,TRIPLE_HELMET_RAIN,motorcycle,,2,,DOUBLE_RIDING_MONITORING,POSSIBLE_NO_HELMET_RISK,,RAIN_WET_ROAD_HIGH_RISK,94.25,25,4,HIGH,500,0.45,Manual no-helmet verification | Rain/wet-road safety warning,All-in-one detector: triple riding + helmet risk + rain/wet road
ALL_MULTI_0147,2026-07-16 19:19:03,904,TRIPLE_HELMET_RAIN,motorcycle,,2,,DOUBLE_RIDING_MONITORING,POSSIBLE_NO_HELMET_RISK,,RAIN_WET_ROAD_HIGH_RISK,94.25,25,4,HIGH,500,0.37,Manual no-helmet verification | Rain/wet-road safety warning,All-in-one detector: triple riding + helmet risk + rain/wet road
ALL_MULTI_0148,2026-07-16 19:19:04,912,TRIPLE_HELMET_RAIN,motorcycle,,1,,SINGLE_RIDER,POSSIBLE_NO_HELMET_RISK,,RAIN_WET_ROAD_HIGH_RISK,94.79,25,4,HIGH,500,0.56,Manual no-helmet verification | Rain/wet-road safety warning,All-in-one detector: triple riding + helmet risk + rain/wet road
ALL_MULTI_0149,2026-07-16 19:19:04,912,TRIPLE_HELMET_RAIN,motorcycle,,0,,NO_RIDER_ASSOCIATED,NO_HELMET_RISK_NOT_CONFIRMED,,RAIN_WET_ROAD_HIGH_RISK,94.79,25,4,HIGH,0,0.39,Rain/wet-road safety warning,All-in-one detector: triple riding + helmet risk + rain/wet road
ALL_MULTI_0150,2026-07-16 19:19:05,920,TRIPLE_HELMET_RAIN,motorcycle,,2,,DOUBLE_RIDING_MONITORING,POSSIBLE_NO_HELMET_RISK,,RAIN_WET_ROAD_HIGH_RISK,95.04,25,4,HIGH,500,0.71,Manual no-helmet verification | Rain/wet-road safety warning,All-in-one detector: triple riding + helmet risk + rain/wet road
ALL_MULTI_0151,2026-07-16 19:19:05,920,TRIPLE_HELMET_RAIN,motorcycle,,0,,NO_RIDER_ASSOCIATED,NO_HELMET_RISK_NOT_CONFIRMED,,RAIN_WET_ROAD_HIGH_RISK,95.04,25,4,HIGH,0,0.4,Rain/wet-road safety warning,All-in-one detector: triple riding + helmet risk + rain/wet road
ALL_MULTI_0152,2026-07-16 19:19:06,928,TRIPLE_HELMET_RAIN,motorcycle,,1,,SINGLE_RIDER,POSSIBLE_NO_HELMET_RISK,,RAIN_WET_ROAD_HIGH_RISK,95.18,25,4,HIGH,500,0.67,Manual no-helmet verification | Rain/wet-road safety warning,All-in-one detector: triple riding + helmet risk + rain/wet road
ALL_MULTI_0153,2026-07-16 19:19:06,928,TRIPLE_HELMET_RAIN,motorcycle,,0,,NO_RIDER_ASSOCIATED,NO_HELMET_RISK_NOT_CONFIRMED,,RAIN_WET_ROAD_HIGH_RISK,95.18,25,4,HIGH,0,0.43,Rain/wet-road safety warning,All-in-one detector: triple riding + helmet risk + rain/wet road
ALL_MULTI_0154,2026-07-16 19:19:06,928,TRIPLE_HELMET_RAIN,motorcycle,,0,,NO_RIDER_ASSOCIATED,NO_HELMET_RISK_NOT_CONFIRMED,,RAIN_WET_ROAD_HIGH_RISK,95.18,25,4,HIGH,0,0.42,Rain/wet-road safety warning,All-in-one detector: triple riding + helmet risk + rain/wet road
ALL_RAIN_0155,2026-07-16 19:19:06,930,RAIN_WET_ROAD,,,,,,,,RAIN_WET_ROAD_HIGH_RISK,94.82,25,3,MEDIUM,0,0.85,Alert road safety team / warn riders,All-in-one detector: rain and wet-road risk
ALL_RAIN_0156,2026-07-16 19:19:09,960,RAIN_WET_ROAD,,,,,,,,RAIN_WET_ROAD_HIGH_RISK,95.12,25,3,MEDIUM,0,0.85,Alert road safety team / warn riders,All-in-one detector: rain and wet-road risk
ALL_WRONG_0157,2026-07-16 19:19:11,983,WRONG_DIRECTION,truck,25,,,,,WRONG_DIRECTION_TOWARDS_CAMERA,RAIN_WET_ROAD_HIGH_RISK,92.45,25,5,HIGH,2000,0.39,Flag wrong-direction vehicle for police review,All-in-one detector: wrong direction using movement and box growth
ALL_RAIN_0158,2026-07-16 19:19:18,990,RAIN_WET_ROAD,,,,,,,,RAIN_WET_ROAD_HIGH_RISK,91.62,25,3,MEDIUM,0,0.85,Alert road safety team / warn riders,All-in-one detector: rain and wet-road risk
ALL_MULTI_0159,2026-07-16 19:19:19,992,TRIPLE_HELMET_RAIN,motorcycle,,1,,SINGLE_RIDER,POSSIBLE_NO_HELMET_RISK,,RAIN_WET_ROAD_HIGH_RISK,91.75,25,4,HIGH,500,0.37,Manual no-helmet verification | Rain/wet-road safety warning,All-in-one detector: triple riding + helmet risk + rain/wet road
ALL_MULTI_0160,2026-07-16 19:19:19,1000,TRIPLE_HELMET_RAIN,motorcycle,,1,,SINGLE_RIDER,POSSIBLE_NO_HELMET_RISK,,RAIN_WET_ROAD_HIGH_RISK,92.96,25,4,HIGH,500,0.54,Manual no-helmet verification | Rain/wet-road safety warning,All-in-one detector: triple riding + helmet risk + rain/wet road
ALL_MULTI_0161,2026-07-16 19:19:20,1008,TRIPLE_HELMET_RAIN,motorcycle,,0,,NO_RIDER_ASSOCIATED,NO_HELMET_RISK_NOT_CONFIRMED,,RAIN_WET_ROAD_HIGH_RISK,93.07,25,4,HIGH,0,0.61,Rain/wet-road safety warning,All-in-one detector: triple riding + helmet risk + rain/wet road
