evidence_id,timestamp,frame_number,motorcycle_count,rider_count,risk_status,severity_score,severity_level,safety_score,confidence,action_recommendation,note
HELMET_0001,2026-06-21 05:41:30,2,1,1,POSSIBLE_HELMET_RISK,2,LOW,70,0.47,Verify helmet compliance manually or with custom helmet model,Prototype helmet-risk detection using motorcycle and rider proximity
HELMET_0002,2026-06-21 05:41:32,18,1,1,POSSIBLE_HELMET_RISK,2,LOW,70,0.55,Verify helmet compliance manually or with custom helmet model,Prototype helmet-risk detection using motorcycle and rider proximity
HELMET_0003,2026-06-21 05:41:33,22,1,1,POSSIBLE_HELMET_RISK,2,LOW,70,0.77,Verify helmet compliance manually or with custom helmet model,Prototype helmet-risk detection using motorcycle and rider proximity
HELMET_0004,2026-06-21 05:41:33,23,2,1,POSSIBLE_HELMET_RISK,2,LOW,70,0.72,Verify helmet compliance manually or with custom helmet model,Prototype helmet-risk detection using motorcycle and rider proximity
HELMET_0005,2026-06-21 05:41:33,24,2,1,POSSIBLE_HELMET_RISK,2,LOW,70,0.64,Verify helmet compliance manually or with custom helmet model,Prototype helmet-risk detection using motorcycle and rider proximity
HELMET_0006,2026-06-21 05:41:33,24,2,1,POSSIBLE_HELMET_RISK,2,LOW,70,0.62,Verify helmet compliance manually or with custom helmet model,Prototype helmet-risk detection using motorcycle and rider proximity
HELMET_0007,2026-06-21 05:41:33,25,1,1,POSSIBLE_HELMET_RISK,2,LOW,70,0.72,Verify helmet compliance manually or with custom helmet model,Prototype helmet-risk detection using motorcycle and rider proximity
HELMET_0008,2026-06-21 05:41:33,26,1,1,POSSIBLE_HELMET_RISK,2,LOW,70,0.66,Verify helmet compliance manually or with custom helmet model,Prototype helmet-risk detection using motorcycle and rider proximity
HELMET_0009,2026-06-21 05:41:33,27,2,1,POSSIBLE_HELMET_RISK,2,LOW,70,0.8,Verify helmet compliance manually or with custom helmet model,Prototype helmet-risk detection using motorcycle and rider proximity
HELMET_0010,2026-06-21 05:41:33,28,3,2,POSSIBLE_HELMET_RISK,3,MEDIUM,55,0.73,Verify helmet compliance manually or with custom helmet model,Prototype helmet-risk detection using motorcycle and rider proximity
HELMET_0011,2026-06-21 05:41:34,30,2,1,POSSIBLE_HELMET_RISK,2,LOW,70,0.7,Verify helmet compliance manually or with custom helmet model,Prototype helmet-risk detection using motorcycle and rider proximity
HELMET_0012,2026-06-21 05:41:34,31,2,2,POSSIBLE_HELMET_RISK,3,MEDIUM,55,0.7,Verify helmet compliance manually or with custom helmet model,Prototype helmet-risk detection using motorcycle and rider proximity
HELMET_0013,2026-06-21 05:41:34,33,1,1,POSSIBLE_HELMET_RISK,2,LOW,70,0.53,Verify helmet compliance manually or with custom helmet model,Prototype helmet-risk detection using motorcycle and rider proximity
HELMET_0014,2026-06-21 05:41:35,40,1,1,POSSIBLE_HELMET_RISK,2,LOW,70,0.58,Verify helmet compliance manually or with custom helmet model,Prototype helmet-risk detection using motorcycle and rider proximity
HELMET_0015,2026-06-21 05:41:35,42,1,1,POSSIBLE_HELMET_RISK,2,LOW,70,0.58,Verify helmet compliance manually or with custom helmet model,Prototype helmet-risk detection using motorcycle and rider proximity
HELMET_0016,2026-06-21 05:41:36,50,1,1,POSSIBLE_HELMET_RISK,2,LOW,70,0.67,Verify helmet compliance manually or with custom helmet model,Prototype helmet-risk detection using motorcycle and rider proximity
HELMET_0017,2026-06-21 05:41:37,59,1,1,POSSIBLE_HELMET_RISK,2,LOW,70,0.7,Verify helmet compliance manually or with custom helmet model,Prototype helmet-risk detection using motorcycle and rider proximity
HELMET_0018,2026-06-21 05:41:38,61,1,1,POSSIBLE_HELMET_RISK,2,LOW,70,0.77,Verify helmet compliance manually or with custom helmet model,Prototype helmet-risk detection using motorcycle and rider proximity
HELMET_0019,2026-06-21 05:41:38,62,1,1,POSSIBLE_HELMET_RISK,2,LOW,70,0.62,Verify helmet compliance manually or with custom helmet model,Prototype helmet-risk detection using motorcycle and rider proximity
HELMET_0020,2026-06-21 05:41:38,63,1,2,POSSIBLE_HELMET_RISK,3,MEDIUM,55,0.75,Verify helmet compliance manually or with custom helmet model,Prototype helmet-risk detection using motorcycle and rider proximity
HELMET_0021,2026-06-21 05:41:38,64,1,1,POSSIBLE_HELMET_RISK,2,LOW,70,0.84,Verify helmet compliance manually or with custom helmet model,Prototype helmet-risk detection using motorcycle and rider proximity
HELMET_0022,2026-06-21 05:41:38,65,1,1,POSSIBLE_HELMET_RISK,2,LOW,70,0.65,Verify helmet compliance manually or with custom helmet model,Prototype helmet-risk detection using motorcycle and rider proximity
HELMET_0023,2026-06-21 05:41:38,66,1,2,POSSIBLE_HELMET_RISK,3,MEDIUM,55,0.62,Verify helmet compliance manually or with custom helmet model,Prototype helmet-risk detection using motorcycle and rider proximity
HELMET_0024,2026-06-21 05:41:39,69,1,2,POSSIBLE_HELMET_RISK,3,MEDIUM,55,0.62,Verify helmet compliance manually or with custom helmet model,Prototype helmet-risk detection using motorcycle and rider proximity
HELMET_0025,2026-06-21 05:41:39,70,1,2,POSSIBLE_HELMET_RISK,3,MEDIUM,55,0.71,Verify helmet compliance manually or with custom helmet model,Prototype helmet-risk detection using motorcycle and rider proximity
HELMET_0026,2026-06-21 05:41:39,71,1,1,POSSIBLE_HELMET_RISK,2,LOW,70,0.59,Verify helmet compliance manually or with custom helmet model,Prototype helmet-risk detection using motorcycle and rider proximity
HELMET_0027,2026-06-21 05:41:39,72,2,1,POSSIBLE_HELMET_RISK,2,LOW,70,0.64,Verify helmet compliance manually or with custom helmet model,Prototype helmet-risk detection using motorcycle and rider proximity
HELMET_0028,2026-06-21 05:41:39,72,2,1,POSSIBLE_HELMET_RISK,2,LOW,70,0.52,Verify helmet compliance manually or with custom helmet model,Prototype helmet-risk detection using motorcycle and rider proximity
HELMET_0029,2026-06-21 05:41:39,73,1,2,POSSIBLE_HELMET_RISK,3,MEDIUM,55,0.59,Verify helmet compliance manually or with custom helmet model,Prototype helmet-risk detection using motorcycle and rider proximity
HELMET_0030,2026-06-21 05:41:39,75,1,1,POSSIBLE_HELMET_RISK,2,LOW,70,0.53,Verify helmet compliance manually or with custom helmet model,Prototype helmet-risk detection using motorcycle and rider proximity
HELMET_0031,2026-06-21 05:41:43,108,2,1,POSSIBLE_HELMET_RISK,2,LOW,70,0.73,Verify helmet compliance manually or with custom helmet model,Prototype helmet-risk detection using motorcycle and rider proximity
HELMET_0032,2026-06-21 05:41:43,108,2,1,POSSIBLE_HELMET_RISK,2,LOW,70,0.46,Verify helmet compliance manually or with custom helmet model,Prototype helmet-risk detection using motorcycle and rider proximity
HELMET_0033,2026-06-21 05:41:45,125,2,1,POSSIBLE_HELMET_RISK,2,LOW,70,0.47,Verify helmet compliance manually or with custom helmet model,Prototype helmet-risk detection using motorcycle and rider proximity
HELMET_0034,2026-06-21 05:41:46,129,2,1,POSSIBLE_HELMET_RISK,2,LOW,70,0.65,Verify helmet compliance manually or with custom helmet model,Prototype helmet-risk detection using motorcycle and rider proximity
HELMET_0035,2026-06-21 05:41:46,132,2,1,POSSIBLE_HELMET_RISK,2,LOW,70,0.56,Verify helmet compliance manually or with custom helmet model,Prototype helmet-risk detection using motorcycle and rider proximity
HELMET_0036,2026-06-21 05:41:46,133,3,1,POSSIBLE_HELMET_RISK,2,LOW,70,0.57,Verify helmet compliance manually or with custom helmet model,Prototype helmet-risk detection using motorcycle and rider proximity
HELMET_0037,2026-06-21 05:41:46,133,3,1,POSSIBLE_HELMET_RISK,2,LOW,70,0.46,Verify helmet compliance manually or with custom helmet model,Prototype helmet-risk detection using motorcycle and rider proximity
HELMET_0038,2026-06-21 05:41:46,134,1,1,POSSIBLE_HELMET_RISK,2,LOW,70,0.66,Verify helmet compliance manually or with custom helmet model,Prototype helmet-risk detection using motorcycle and rider proximity
HELMET_0039,2026-06-21 05:41:46,136,1,1,POSSIBLE_HELMET_RISK,2,LOW,70,0.53,Verify helmet compliance manually or with custom helmet model,Prototype helmet-risk detection using motorcycle and rider proximity
HELMET_0040,2026-06-21 05:41:46,137,3,1,POSSIBLE_HELMET_RISK,2,LOW,70,0.46,Verify helmet compliance manually or with custom helmet model,Prototype helmet-risk detection using motorcycle and rider proximity
HELMET_0041,2026-06-21 05:41:47,139,2,1,POSSIBLE_HELMET_RISK,2,LOW,70,0.46,Verify helmet compliance manually or with custom helmet model,Prototype helmet-risk detection using motorcycle and rider proximity
HELMET_0042,2026-06-21 05:41:47,140,2,1,POSSIBLE_HELMET_RISK,2,LOW,70,0.54,Verify helmet compliance manually or with custom helmet model,Prototype helmet-risk detection using motorcycle and rider proximity
HELMET_0043,2026-06-21 05:41:47,141,1,1,POSSIBLE_HELMET_RISK,2,LOW,70,0.48,Verify helmet compliance manually or with custom helmet model,Prototype helmet-risk detection using motorcycle and rider proximity
HELMET_0044,2026-06-21 05:41:47,142,1,1,POSSIBLE_HELMET_RISK,2,LOW,70,0.58,Verify helmet compliance manually or with custom helmet model,Prototype helmet-risk detection using motorcycle and rider proximity
HELMET_0045,2026-06-21 05:41:47,143,2,1,POSSIBLE_HELMET_RISK,2,LOW,70,0.54,Verify helmet compliance manually or with custom helmet model,Prototype helmet-risk detection using motorcycle and rider proximity
HELMET_0046,2026-06-21 05:41:47,145,1,1,POSSIBLE_HELMET_RISK,2,LOW,70,0.61,Verify helmet compliance manually or with custom helmet model,Prototype helmet-risk detection using motorcycle and rider proximity
HELMET_0047,2026-06-21 05:41:48,146,2,1,POSSIBLE_HELMET_RISK,2,LOW,70,0.74,Verify helmet compliance manually or with custom helmet model,Prototype helmet-risk detection using motorcycle and rider proximity
HELMET_0048,2026-06-21 05:41:48,147,2,1,POSSIBLE_HELMET_RISK,2,LOW,70,0.77,Verify helmet compliance manually or with custom helmet model,Prototype helmet-risk detection using motorcycle and rider proximity
HELMET_0049,2026-06-21 05:41:48,148,2,1,POSSIBLE_HELMET_RISK,2,LOW,70,0.73,Verify helmet compliance manually or with custom helmet model,Prototype helmet-risk detection using motorcycle and rider proximity
HELMET_0050,2026-06-21 05:41:48,149,2,1,POSSIBLE_HELMET_RISK,2,LOW,70,0.69,Verify helmet compliance manually or with custom helmet model,Prototype helmet-risk detection using motorcycle and rider proximity
HELMET_0051,2026-06-21 05:41:48,150,2,1,POSSIBLE_HELMET_RISK,2,LOW,70,0.57,Verify helmet compliance manually or with custom helmet model,Prototype helmet-risk detection using motorcycle and rider proximity
HELMET_0052,2026-06-21 05:41:48,151,2,1,POSSIBLE_HELMET_RISK,2,LOW,70,0.65,Verify helmet compliance manually or with custom helmet model,Prototype helmet-risk detection using motorcycle and rider proximity
HELMET_0053,2026-06-21 05:41:48,152,2,1,POSSIBLE_HELMET_RISK,2,LOW,70,0.66,Verify helmet compliance manually or with custom helmet model,Prototype helmet-risk detection using motorcycle and rider proximity
HELMET_0054,2026-06-21 05:41:48,153,2,1,POSSIBLE_HELMET_RISK,2,LOW,70,0.76,Verify helmet compliance manually or with custom helmet model,Prototype helmet-risk detection using motorcycle and rider proximity
HELMET_0055,2026-06-21 05:41:48,153,2,1,POSSIBLE_HELMET_RISK,2,LOW,70,0.65,Verify helmet compliance manually or with custom helmet model,Prototype helmet-risk detection using motorcycle and rider proximity
HELMET_0056,2026-06-21 05:41:48,154,2,1,POSSIBLE_HELMET_RISK,2,LOW,70,0.79,Verify helmet compliance manually or with custom helmet model,Prototype helmet-risk detection using motorcycle and rider proximity
HELMET_0057,2026-06-21 05:41:48,154,2,1,POSSIBLE_HELMET_RISK,2,LOW,70,0.49,Verify helmet compliance manually or with custom helmet model,Prototype helmet-risk detection using motorcycle and rider proximity
HELMET_0058,2026-06-21 05:41:49,155,2,1,POSSIBLE_HELMET_RISK,2,LOW,70,0.72,Verify helmet compliance manually or with custom helmet model,Prototype helmet-risk detection using motorcycle and rider proximity
HELMET_0059,2026-06-21 05:41:49,156,2,1,POSSIBLE_HELMET_RISK,2,LOW,70,0.68,Verify helmet compliance manually or with custom helmet model,Prototype helmet-risk detection using motorcycle and rider proximity
HELMET_0060,2026-06-21 05:41:49,157,2,1,POSSIBLE_HELMET_RISK,2,LOW,70,0.66,Verify helmet compliance manually or with custom helmet model,Prototype helmet-risk detection using motorcycle and rider proximity
HELMET_0061,2026-06-21 05:41:49,158,1,1,POSSIBLE_HELMET_RISK,2,LOW,70,0.63,Verify helmet compliance manually or with custom helmet model,Prototype helmet-risk detection using motorcycle and rider proximity
HELMET_0062,2026-06-21 05:41:49,159,1,1,POSSIBLE_HELMET_RISK,2,LOW,70,0.65,Verify helmet compliance manually or with custom helmet model,Prototype helmet-risk detection using motorcycle and rider proximity
HELMET_0063,2026-06-21 05:41:49,160,2,1,POSSIBLE_HELMET_RISK,2,LOW,70,0.76,Verify helmet compliance manually or with custom helmet model,Prototype helmet-risk detection using motorcycle and rider proximity
HELMET_0064,2026-06-21 05:41:49,161,2,2,POSSIBLE_HELMET_RISK,3,MEDIUM,55,0.76,Verify helmet compliance manually or with custom helmet model,Prototype helmet-risk detection using motorcycle and rider proximity
HELMET_0065,2026-06-21 05:41:49,162,2,2,POSSIBLE_HELMET_RISK,3,MEDIUM,55,0.69,Verify helmet compliance manually or with custom helmet model,Prototype helmet-risk detection using motorcycle and rider proximity
HELMET_0066,2026-06-21 05:41:49,163,2,1,POSSIBLE_HELMET_RISK,2,LOW,70,0.69,Verify helmet compliance manually or with custom helmet model,Prototype helmet-risk detection using motorcycle and rider proximity
HELMET_0067,2026-06-21 05:41:50,164,2,1,POSSIBLE_HELMET_RISK,2,LOW,70,0.69,Verify helmet compliance manually or with custom helmet model,Prototype helmet-risk detection using motorcycle and rider proximity
HELMET_0068,2026-06-21 05:41:50,164,2,1,POSSIBLE_HELMET_RISK,2,LOW,70,0.49,Verify helmet compliance manually or with custom helmet model,Prototype helmet-risk detection using motorcycle and rider proximity
HELMET_0069,2026-06-21 05:41:50,165,1,2,POSSIBLE_HELMET_RISK,3,MEDIUM,55,0.62,Verify helmet compliance manually or with custom helmet model,Prototype helmet-risk detection using motorcycle and rider proximity
HELMET_0070,2026-06-21 05:41:50,166,2,2,POSSIBLE_HELMET_RISK,3,MEDIUM,55,0.71,Verify helmet compliance manually or with custom helmet model,Prototype helmet-risk detection using motorcycle and rider proximity
HELMET_0071,2026-06-21 05:41:50,167,2,2,POSSIBLE_HELMET_RISK,3,MEDIUM,55,0.69,Verify helmet compliance manually or with custom helmet model,Prototype helmet-risk detection using motorcycle and rider proximity
HELMET_0072,2026-06-21 05:41:50,167,2,1,POSSIBLE_HELMET_RISK,2,LOW,70,0.45,Verify helmet compliance manually or with custom helmet model,Prototype helmet-risk detection using motorcycle and rider proximity
HELMET_0073,2026-06-21 05:41:50,168,1,2,POSSIBLE_HELMET_RISK,3,MEDIUM,55,0.71,Verify helmet compliance manually or with custom helmet model,Prototype helmet-risk detection using motorcycle and rider proximity
HELMET_0074,2026-06-21 05:41:50,169,1,1,POSSIBLE_HELMET_RISK,2,LOW,70,0.77,Verify helmet compliance manually or with custom helmet model,Prototype helmet-risk detection using motorcycle and rider proximity
HELMET_0075,2026-06-21 05:41:50,170,1,1,POSSIBLE_HELMET_RISK,2,LOW,70,0.67,Verify helmet compliance manually or with custom helmet model,Prototype helmet-risk detection using motorcycle and rider proximity
HELMET_0076,2026-06-21 05:41:50,171,1,1,POSSIBLE_HELMET_RISK,2,LOW,70,0.64,Verify helmet compliance manually or with custom helmet model,Prototype helmet-risk detection using motorcycle and rider proximity
HELMET_0077,2026-06-21 05:41:51,172,1,2,POSSIBLE_HELMET_RISK,3,MEDIUM,55,0.7,Verify helmet compliance manually or with custom helmet model,Prototype helmet-risk detection using motorcycle and rider proximity
HELMET_0078,2026-06-21 05:41:51,173,2,1,POSSIBLE_HELMET_RISK,2,LOW,70,0.59,Verify helmet compliance manually or with custom helmet model,Prototype helmet-risk detection using motorcycle and rider proximity
HELMET_0079,2026-06-21 05:41:51,174,1,1,POSSIBLE_HELMET_RISK,2,LOW,70,0.58,Verify helmet compliance manually or with custom helmet model,Prototype helmet-risk detection using motorcycle and rider proximity
HELMET_0080,2026-06-21 05:41:51,175,1,2,POSSIBLE_HELMET_RISK,3,MEDIUM,55,0.67,Verify helmet compliance manually or with custom helmet model,Prototype helmet-risk detection using motorcycle and rider proximity
HELMET_0081,2026-06-21 05:41:51,176,1,2,POSSIBLE_HELMET_RISK,3,MEDIUM,55,0.65,Verify helmet compliance manually or with custom helmet model,Prototype helmet-risk detection using motorcycle and rider proximity
HELMET_0082,2026-06-21 05:41:51,177,1,3,POSSIBLE_HELMET_RISK,5,HIGH,30,0.6,Verify helmet compliance manually or with custom helmet model,Prototype helmet-risk detection using motorcycle and rider proximity
HELMET_0083,2026-06-21 05:41:51,178,1,2,POSSIBLE_HELMET_RISK,3,MEDIUM,55,0.65,Verify helmet compliance manually or with custom helmet model,Prototype helmet-risk detection using motorcycle and rider proximity
HELMET_0084,2026-06-21 05:41:51,179,1,1,POSSIBLE_HELMET_RISK,2,LOW,70,0.66,Verify helmet compliance manually or with custom helmet model,Prototype helmet-risk detection using motorcycle and rider proximity
HELMET_0085,2026-06-21 05:41:51,180,1,2,POSSIBLE_HELMET_RISK,3,MEDIUM,55,0.54,Verify helmet compliance manually or with custom helmet model,Prototype helmet-risk detection using motorcycle and rider proximity
HELMET_0086,2026-06-21 05:41:52,181,1,1,POSSIBLE_HELMET_RISK,2,LOW,70,0.74,Verify helmet compliance manually or with custom helmet model,Prototype helmet-risk detection using motorcycle and rider proximity
HELMET_0087,2026-06-21 05:41:52,182,1,2,POSSIBLE_HELMET_RISK,3,MEDIUM,55,0.77,Verify helmet compliance manually or with custom helmet model,Prototype helmet-risk detection using motorcycle and rider proximity
HELMET_0088,2026-06-21 05:41:52,183,1,2,POSSIBLE_HELMET_RISK,3,MEDIUM,55,0.51,Verify helmet compliance manually or with custom helmet model,Prototype helmet-risk detection using motorcycle and rider proximity
HELMET_0089,2026-06-21 05:41:52,184,1,1,POSSIBLE_HELMET_RISK,2,LOW,70,0.52,Verify helmet compliance manually or with custom helmet model,Prototype helmet-risk detection using motorcycle and rider proximity
HELMET_0090,2026-06-21 05:41:52,185,1,2,POSSIBLE_HELMET_RISK,3,MEDIUM,55,0.59,Verify helmet compliance manually or with custom helmet model,Prototype helmet-risk detection using motorcycle and rider proximity
HELMET_0091,2026-06-21 05:41:52,186,2,1,POSSIBLE_HELMET_RISK,2,LOW,70,0.52,Verify helmet compliance manually or with custom helmet model,Prototype helmet-risk detection using motorcycle and rider proximity
HELMET_0092,2026-06-21 05:41:52,186,2,1,POSSIBLE_HELMET_RISK,2,LOW,70,0.48,Verify helmet compliance manually or with custom helmet model,Prototype helmet-risk detection using motorcycle and rider proximity
HELMET_0093,2026-06-21 05:41:52,187,1,2,POSSIBLE_HELMET_RISK,3,MEDIUM,55,0.46,Verify helmet compliance manually or with custom helmet model,Prototype helmet-risk detection using motorcycle and rider proximity
HELMET_0094,2026-06-21 05:41:52,188,1,1,POSSIBLE_HELMET_RISK,2,LOW,70,0.48,Verify helmet compliance manually or with custom helmet model,Prototype helmet-risk detection using motorcycle and rider proximity
HELMET_0095,2026-06-21 05:41:53,191,1,1,POSSIBLE_HELMET_RISK,2,LOW,70,0.47,Verify helmet compliance manually or with custom helmet model,Prototype helmet-risk detection using motorcycle and rider proximity
HELMET_0096,2026-06-21 05:41:56,222,2,1,POSSIBLE_HELMET_RISK,2,LOW,70,0.63,Verify helmet compliance manually or with custom helmet model,Prototype helmet-risk detection using motorcycle and rider proximity
HELMET_0097,2026-06-21 05:41:56,223,2,3,POSSIBLE_HELMET_RISK,5,HIGH,30,0.76,Verify helmet compliance manually or with custom helmet model,Prototype helmet-risk detection using motorcycle and rider proximity
HELMET_0098,2026-06-21 05:41:56,223,2,2,POSSIBLE_HELMET_RISK,3,MEDIUM,55,0.59,Verify helmet compliance manually or with custom helmet model,Prototype helmet-risk detection using motorcycle and rider proximity
HELMET_0099,2026-06-21 05:41:56,224,2,1,POSSIBLE_HELMET_RISK,2,LOW,70,0.75,Verify helmet compliance manually or with custom helmet model,Prototype helmet-risk detection using motorcycle and rider proximity
HELMET_0100,2026-06-21 05:41:56,224,2,1,POSSIBLE_HELMET_RISK,2,LOW,70,0.59,Verify helmet compliance manually or with custom helmet model,Prototype helmet-risk detection using motorcycle and rider proximity
HELMET_0101,2026-06-21 05:41:56,225,2,1,POSSIBLE_HELMET_RISK,2,LOW,70,0.66,Verify helmet compliance manually or with custom helmet model,Prototype helmet-risk detection using motorcycle and rider proximity
HELMET_0102,2026-06-21 05:41:56,225,2,3,POSSIBLE_HELMET_RISK,5,HIGH,30,0.61,Verify helmet compliance manually or with custom helmet model,Prototype helmet-risk detection using motorcycle and rider proximity
HELMET_0103,2026-06-21 05:41:56,226,3,1,POSSIBLE_HELMET_RISK,2,LOW,70,0.72,Verify helmet compliance manually or with custom helmet model,Prototype helmet-risk detection using motorcycle and rider proximity
HELMET_0104,2026-06-21 05:41:56,226,3,2,POSSIBLE_HELMET_RISK,3,MEDIUM,55,0.6,Verify helmet compliance manually or with custom helmet model,Prototype helmet-risk detection using motorcycle and rider proximity
HELMET_0105,2026-06-21 05:41:56,226,3,1,POSSIBLE_HELMET_RISK,2,LOW,70,0.54,Verify helmet compliance manually or with custom helmet model,Prototype helmet-risk detection using motorcycle and rider proximity
HELMET_0106,2026-06-21 05:41:57,227,2,1,POSSIBLE_HELMET_RISK,2,LOW,70,0.73,Verify helmet compliance manually or with custom helmet model,Prototype helmet-risk detection using motorcycle and rider proximity
HELMET_0107,2026-06-21 05:41:57,227,2,1,POSSIBLE_HELMET_RISK,2,LOW,70,0.66,Verify helmet compliance manually or with custom helmet model,Prototype helmet-risk detection using motorcycle and rider proximity
HELMET_0108,2026-06-21 05:41:57,228,2,2,POSSIBLE_HELMET_RISK,3,MEDIUM,55,0.58,Verify helmet compliance manually or with custom helmet model,Prototype helmet-risk detection using motorcycle and rider proximity
HELMET_0109,2026-06-21 05:41:57,228,2,1,POSSIBLE_HELMET_RISK,2,LOW,70,0.57,Verify helmet compliance manually or with custom helmet model,Prototype helmet-risk detection using motorcycle and rider proximity
HELMET_0110,2026-06-21 05:41:57,229,2,2,POSSIBLE_HELMET_RISK,3,MEDIUM,55,0.63,Verify helmet compliance manually or with custom helmet model,Prototype helmet-risk detection using motorcycle and rider proximity
HELMET_0111,2026-06-21 05:41:57,229,2,2,POSSIBLE_HELMET_RISK,3,MEDIUM,55,0.51,Verify helmet compliance manually or with custom helmet model,Prototype helmet-risk detection using motorcycle and rider proximity
HELMET_0112,2026-06-21 05:41:57,230,2,1,POSSIBLE_HELMET_RISK,2,LOW,70,0.65,Verify helmet compliance manually or with custom helmet model,Prototype helmet-risk detection using motorcycle and rider proximity
HELMET_0113,2026-06-21 05:41:57,230,2,2,POSSIBLE_HELMET_RISK,3,MEDIUM,55,0.59,Verify helmet compliance manually or with custom helmet model,Prototype helmet-risk detection using motorcycle and rider proximity
HELMET_0114,2026-06-21 05:41:57,231,2,2,POSSIBLE_HELMET_RISK,3,MEDIUM,55,0.69,Verify helmet compliance manually or with custom helmet model,Prototype helmet-risk detection using motorcycle and rider proximity
HELMET_0115,2026-06-21 05:41:57,231,2,2,POSSIBLE_HELMET_RISK,3,MEDIUM,55,0.51,Verify helmet compliance manually or with custom helmet model,Prototype helmet-risk detection using motorcycle and rider proximity
HELMET_0116,2026-06-21 05:41:57,232,2,3,POSSIBLE_HELMET_RISK,5,HIGH,30,0.75,Verify helmet compliance manually or with custom helmet model,Prototype helmet-risk detection using motorcycle and rider proximity
HELMET_0117,2026-06-21 05:41:57,232,2,2,POSSIBLE_HELMET_RISK,3,MEDIUM,55,0.6,Verify helmet compliance manually or with custom helmet model,Prototype helmet-risk detection using motorcycle and rider proximity
HELMET_0118,2026-06-21 05:41:57,233,2,2,POSSIBLE_HELMET_RISK,3,MEDIUM,55,0.74,Verify helmet compliance manually or with custom helmet model,Prototype helmet-risk detection using motorcycle and rider proximity
HELMET_0119,2026-06-21 05:41:57,233,2,2,POSSIBLE_HELMET_RISK,3,MEDIUM,55,0.67,Verify helmet compliance manually or with custom helmet model,Prototype helmet-risk detection using motorcycle and rider proximity
HELMET_0120,2026-06-21 05:41:57,234,2,2,POSSIBLE_HELMET_RISK,3,MEDIUM,55,0.72,Verify helmet compliance manually or with custom helmet model,Prototype helmet-risk detection using motorcycle and rider proximity
HELMET_0121,2026-06-21 05:41:57,234,2,2,POSSIBLE_HELMET_RISK,3,MEDIUM,55,0.66,Verify helmet compliance manually or with custom helmet model,Prototype helmet-risk detection using motorcycle and rider proximity
HELMET_0122,2026-06-21 05:41:57,235,2,1,POSSIBLE_HELMET_RISK,2,LOW,70,0.7,Verify helmet compliance manually or with custom helmet model,Prototype helmet-risk detection using motorcycle and rider proximity
HELMET_0123,2026-06-21 05:41:57,235,2,1,POSSIBLE_HELMET_RISK,2,LOW,70,0.66,Verify helmet compliance manually or with custom helmet model,Prototype helmet-risk detection using motorcycle and rider proximity
HELMET_0124,2026-06-21 05:41:58,236,2,2,POSSIBLE_HELMET_RISK,3,MEDIUM,55,0.78,Verify helmet compliance manually or with custom helmet model,Prototype helmet-risk detection using motorcycle and rider proximity
HELMET_0125,2026-06-21 05:41:58,236,2,3,POSSIBLE_HELMET_RISK,5,HIGH,30,0.66,Verify helmet compliance manually or with custom helmet model,Prototype helmet-risk detection using motorcycle and rider proximity
HELMET_0126,2026-06-21 05:41:58,237,2,3,POSSIBLE_HELMET_RISK,5,HIGH,30,0.72,Verify helmet compliance manually or with custom helmet model,Prototype helmet-risk detection using motorcycle and rider proximity
HELMET_0127,2026-06-21 05:41:58,237,2,1,POSSIBLE_HELMET_RISK,2,LOW,70,0.71,Verify helmet compliance manually or with custom helmet model,Prototype helmet-risk detection using motorcycle and rider proximity
HELMET_0128,2026-06-21 05:41:58,238,2,2,POSSIBLE_HELMET_RISK,3,MEDIUM,55,0.78,Verify helmet compliance manually or with custom helmet model,Prototype helmet-risk detection using motorcycle and rider proximity
HELMET_0129,2026-06-21 05:41:58,238,2,2,POSSIBLE_HELMET_RISK,3,MEDIUM,55,0.63,Verify helmet compliance manually or with custom helmet model,Prototype helmet-risk detection using motorcycle and rider proximity
HELMET_0130,2026-06-21 05:41:58,239,2,3,POSSIBLE_HELMET_RISK,5,HIGH,30,0.77,Verify helmet compliance manually or with custom helmet model,Prototype helmet-risk detection using motorcycle and rider proximity
HELMET_0131,2026-06-21 05:41:58,239,2,2,POSSIBLE_HELMET_RISK,3,MEDIUM,55,0.69,Verify helmet compliance manually or with custom helmet model,Prototype helmet-risk detection using motorcycle and rider proximity
HELMET_0132,2026-06-21 05:41:58,240,2,2,POSSIBLE_HELMET_RISK,3,MEDIUM,55,0.75,Verify helmet compliance manually or with custom helmet model,Prototype helmet-risk detection using motorcycle and rider proximity
HELMET_0133,2026-06-21 05:41:58,240,2,2,POSSIBLE_HELMET_RISK,3,MEDIUM,55,0.64,Verify helmet compliance manually or with custom helmet model,Prototype helmet-risk detection using motorcycle and rider proximity
HELMET_0134,2026-06-21 05:41:58,241,2,1,POSSIBLE_HELMET_RISK,2,LOW,70,0.66,Verify helmet compliance manually or with custom helmet model,Prototype helmet-risk detection using motorcycle and rider proximity
HELMET_0135,2026-06-21 05:41:58,241,2,2,POSSIBLE_HELMET_RISK,3,MEDIUM,55,0.51,Verify helmet compliance manually or with custom helmet model,Prototype helmet-risk detection using motorcycle and rider proximity
HELMET_0136,2026-06-21 05:41:58,242,2,2,POSSIBLE_HELMET_RISK,3,MEDIUM,55,0.75,Verify helmet compliance manually or with custom helmet model,Prototype helmet-risk detection using motorcycle and rider proximity
HELMET_0137,2026-06-21 05:41:58,242,2,2,POSSIBLE_HELMET_RISK,3,MEDIUM,55,0.66,Verify helmet compliance manually or with custom helmet model,Prototype helmet-risk detection using motorcycle and rider proximity
HELMET_0138,2026-06-21 05:41:58,243,2,2,POSSIBLE_HELMET_RISK,3,MEDIUM,55,0.71,Verify helmet compliance manually or with custom helmet model,Prototype helmet-risk detection using motorcycle and rider proximity
HELMET_0139,2026-06-21 05:41:58,243,2,2,POSSIBLE_HELMET_RISK,3,MEDIUM,55,0.7,Verify helmet compliance manually or with custom helmet model,Prototype helmet-risk detection using motorcycle and rider proximity
HELMET_0140,2026-06-21 05:41:58,244,2,3,POSSIBLE_HELMET_RISK,5,HIGH,30,0.64,Verify helmet compliance manually or with custom helmet model,Prototype helmet-risk detection using motorcycle and rider proximity
HELMET_0141,2026-06-21 05:41:58,244,2,2,POSSIBLE_HELMET_RISK,3,MEDIUM,55,0.62,Verify helmet compliance manually or with custom helmet model,Prototype helmet-risk detection using motorcycle and rider proximity
HELMET_0142,2026-06-21 05:41:58,245,2,2,POSSIBLE_HELMET_RISK,3,MEDIUM,55,0.62,Verify helmet compliance manually or with custom helmet model,Prototype helmet-risk detection using motorcycle and rider proximity
HELMET_0143,2026-06-21 05:41:58,245,2,2,POSSIBLE_HELMET_RISK,3,MEDIUM,55,0.61,Verify helmet compliance manually or with custom helmet model,Prototype helmet-risk detection using motorcycle and rider proximity
HELMET_0144,2026-06-21 05:41:59,246,2,1,POSSIBLE_HELMET_RISK,2,LOW,70,0.72,Verify helmet compliance manually or with custom helmet model,Prototype helmet-risk detection using motorcycle and rider proximity
HELMET_0145,2026-06-21 05:41:59,246,2,1,POSSIBLE_HELMET_RISK,2,LOW,70,0.69,Verify helmet compliance manually or with custom helmet model,Prototype helmet-risk detection using motorcycle and rider proximity
HELMET_0146,2026-06-21 05:41:59,247,2,1,POSSIBLE_HELMET_RISK,2,LOW,70,0.67,Verify helmet compliance manually or with custom helmet model,Prototype helmet-risk detection using motorcycle and rider proximity
HELMET_0147,2026-06-21 05:41:59,247,2,1,POSSIBLE_HELMET_RISK,2,LOW,70,0.56,Verify helmet compliance manually or with custom helmet model,Prototype helmet-risk detection using motorcycle and rider proximity
HELMET_0148,2026-06-21 05:41:59,248,1,1,POSSIBLE_HELMET_RISK,2,LOW,70,0.64,Verify helmet compliance manually or with custom helmet model,Prototype helmet-risk detection using motorcycle and rider proximity
HELMET_0149,2026-06-21 05:41:59,249,1,1,POSSIBLE_HELMET_RISK,2,LOW,70,0.55,Verify helmet compliance manually or with custom helmet model,Prototype helmet-risk detection using motorcycle and rider proximity
HELMET_0150,2026-06-21 05:41:59,250,1,1,POSSIBLE_HELMET_RISK,2,LOW,70,0.62,Verify helmet compliance manually or with custom helmet model,Prototype helmet-risk detection using motorcycle and rider proximity
HELMET_0151,2026-06-21 05:41:59,251,1,2,POSSIBLE_HELMET_RISK,3,MEDIUM,55,0.56,Verify helmet compliance manually or with custom helmet model,Prototype helmet-risk detection using motorcycle and rider proximity
HELMET_0152,2026-06-21 05:41:59,252,1,2,POSSIBLE_HELMET_RISK,3,MEDIUM,55,0.72,Verify helmet compliance manually or with custom helmet model,Prototype helmet-risk detection using motorcycle and rider proximity
HELMET_0153,2026-06-21 05:41:59,253,1,1,POSSIBLE_HELMET_RISK,2,LOW,70,0.67,Verify helmet compliance manually or with custom helmet model,Prototype helmet-risk detection using motorcycle and rider proximity
HELMET_0154,2026-06-21 05:41:59,254,1,1,POSSIBLE_HELMET_RISK,2,LOW,70,0.78,Verify helmet compliance manually or with custom helmet model,Prototype helmet-risk detection using motorcycle and rider proximity
HELMET_0155,2026-06-21 05:42:00,255,1,1,POSSIBLE_HELMET_RISK,2,LOW,70,0.67,Verify helmet compliance manually or with custom helmet model,Prototype helmet-risk detection using motorcycle and rider proximity
HELMET_0156,2026-06-21 05:42:00,256,1,1,POSSIBLE_HELMET_RISK,2,LOW,70,0.75,Verify helmet compliance manually or with custom helmet model,Prototype helmet-risk detection using motorcycle and rider proximity
HELMET_0157,2026-06-21 05:42:00,257,1,1,POSSIBLE_HELMET_RISK,2,LOW,70,0.66,Verify helmet compliance manually or with custom helmet model,Prototype helmet-risk detection using motorcycle and rider proximity
HELMET_0158,2026-06-21 05:42:00,258,1,1,POSSIBLE_HELMET_RISK,2,LOW,70,0.69,Verify helmet compliance manually or with custom helmet model,Prototype helmet-risk detection using motorcycle and rider proximity
HELMET_0159,2026-06-21 05:42:00,259,1,1,POSSIBLE_HELMET_RISK,2,LOW,70,0.65,Verify helmet compliance manually or with custom helmet model,Prototype helmet-risk detection using motorcycle and rider proximity
HELMET_0160,2026-06-21 05:42:00,260,1,1,POSSIBLE_HELMET_RISK,2,LOW,70,0.5,Verify helmet compliance manually or with custom helmet model,Prototype helmet-risk detection using motorcycle and rider proximity
HELMET_0161,2026-06-21 05:42:00,261,1,1,POSSIBLE_HELMET_RISK,2,LOW,70,0.54,Verify helmet compliance manually or with custom helmet model,Prototype helmet-risk detection using motorcycle and rider proximity
HELMET_0162,2026-06-21 05:42:00,263,1,2,POSSIBLE_HELMET_RISK,3,MEDIUM,55,0.48,Verify helmet compliance manually or with custom helmet model,Prototype helmet-risk detection using motorcycle and rider proximity
HELMET_0163,2026-06-21 05:42:01,266,1,1,POSSIBLE_HELMET_RISK,2,LOW,70,0.47,Verify helmet compliance manually or with custom helmet model,Prototype helmet-risk detection using motorcycle and rider proximity
HELMET_0164,2026-06-21 05:42:10,349,1,1,POSSIBLE_HELMET_RISK,2,LOW,70,0.67,Verify helmet compliance manually or with custom helmet model,Prototype helmet-risk detection using motorcycle and rider proximity
HELMET_0165,2026-06-21 05:42:10,350,2,2,POSSIBLE_HELMET_RISK,3,MEDIUM,55,0.72,Verify helmet compliance manually or with custom helmet model,Prototype helmet-risk detection using motorcycle and rider proximity
HELMET_0166,2026-06-21 05:42:10,351,2,2,POSSIBLE_HELMET_RISK,3,MEDIUM,55,0.48,Verify helmet compliance manually or with custom helmet model,Prototype helmet-risk detection using motorcycle and rider proximity
HELMET_0167,2026-06-21 05:42:10,352,2,2,POSSIBLE_HELMET_RISK,3,MEDIUM,55,0.73,Verify helmet compliance manually or with custom helmet model,Prototype helmet-risk detection using motorcycle and rider proximity
HELMET_0168,2026-06-21 05:42:10,353,2,1,POSSIBLE_HELMET_RISK,2,LOW,70,0.85,Verify helmet compliance manually or with custom helmet model,Prototype helmet-risk detection using motorcycle and rider proximity
HELMET_0169,2026-06-21 05:42:11,354,2,1,POSSIBLE_HELMET_RISK,2,LOW,70,0.91,Verify helmet compliance manually or with custom helmet model,Prototype helmet-risk detection using motorcycle and rider proximity
HELMET_0170,2026-06-21 05:42:11,355,2,1,POSSIBLE_HELMET_RISK,2,LOW,70,0.85,Verify helmet compliance manually or with custom helmet model,Prototype helmet-risk detection using motorcycle and rider proximity
HELMET_0171,2026-06-21 05:42:11,356,2,2,POSSIBLE_HELMET_RISK,3,MEDIUM,55,0.68,Verify helmet compliance manually or with custom helmet model,Prototype helmet-risk detection using motorcycle and rider proximity
HELMET_0172,2026-06-21 05:42:11,357,2,2,POSSIBLE_HELMET_RISK,3,MEDIUM,55,0.7,Verify helmet compliance manually or with custom helmet model,Prototype helmet-risk detection using motorcycle and rider proximity
HELMET_0173,2026-06-21 05:42:11,358,2,2,POSSIBLE_HELMET_RISK,3,MEDIUM,55,0.7,Verify helmet compliance manually or with custom helmet model,Prototype helmet-risk detection using motorcycle and rider proximity
HELMET_0174,2026-06-21 05:42:11,359,2,1,POSSIBLE_HELMET_RISK,2,LOW,70,0.75,Verify helmet compliance manually or with custom helmet model,Prototype helmet-risk detection using motorcycle and rider proximity
HELMET_0175,2026-06-21 05:42:11,360,2,1,POSSIBLE_HELMET_RISK,2,LOW,70,0.66,Verify helmet compliance manually or with custom helmet model,Prototype helmet-risk detection using motorcycle and rider proximity
HELMET_0176,2026-06-21 05:42:11,361,2,1,POSSIBLE_HELMET_RISK,2,LOW,70,0.66,Verify helmet compliance manually or with custom helmet model,Prototype helmet-risk detection using motorcycle and rider proximity
HELMET_0177,2026-06-21 05:42:11,361,2,1,POSSIBLE_HELMET_RISK,2,LOW,70,0.64,Verify helmet compliance manually or with custom helmet model,Prototype helmet-risk detection using motorcycle and rider proximity
HELMET_0178,2026-06-21 05:42:11,362,2,1,POSSIBLE_HELMET_RISK,2,LOW,70,0.68,Verify helmet compliance manually or with custom helmet model,Prototype helmet-risk detection using motorcycle and rider proximity
HELMET_0179,2026-06-21 05:42:12,363,2,1,POSSIBLE_HELMET_RISK,2,LOW,70,0.78,Verify helmet compliance manually or with custom helmet model,Prototype helmet-risk detection using motorcycle and rider proximity
HELMET_0180,2026-06-21 05:42:12,364,2,2,POSSIBLE_HELMET_RISK,3,MEDIUM,55,0.77,Verify helmet compliance manually or with custom helmet model,Prototype helmet-risk detection using motorcycle and rider proximity
HELMET_0181,2026-06-21 05:42:12,365,2,2,POSSIBLE_HELMET_RISK,3,MEDIUM,55,0.72,Verify helmet compliance manually or with custom helmet model,Prototype helmet-risk detection using motorcycle and rider proximity
HELMET_0182,2026-06-21 05:42:12,366,2,2,POSSIBLE_HELMET_RISK,3,MEDIUM,55,0.8,Verify helmet compliance manually or with custom helmet model,Prototype helmet-risk detection using motorcycle and rider proximity
HELMET_0183,2026-06-21 05:42:12,367,2,2,POSSIBLE_HELMET_RISK,3,MEDIUM,55,0.83,Verify helmet compliance manually or with custom helmet model,Prototype helmet-risk detection using motorcycle and rider proximity
HELMET_0184,2026-06-21 05:42:12,368,2,1,POSSIBLE_HELMET_RISK,2,LOW,70,0.84,Verify helmet compliance manually or with custom helmet model,Prototype helmet-risk detection using motorcycle and rider proximity
HELMET_0185,2026-06-21 05:42:12,369,2,1,POSSIBLE_HELMET_RISK,2,LOW,70,0.8,Verify helmet compliance manually or with custom helmet model,Prototype helmet-risk detection using motorcycle and rider proximity
HELMET_0186,2026-06-21 05:42:12,370,2,1,POSSIBLE_HELMET_RISK,2,LOW,70,0.83,Verify helmet compliance manually or with custom helmet model,Prototype helmet-risk detection using motorcycle and rider proximity
HELMET_0187,2026-06-21 05:42:12,371,2,1,POSSIBLE_HELMET_RISK,2,LOW,70,0.89,Verify helmet compliance manually or with custom helmet model,Prototype helmet-risk detection using motorcycle and rider proximity
HELMET_0188,2026-06-21 05:42:13,372,2,1,POSSIBLE_HELMET_RISK,2,LOW,70,0.89,Verify helmet compliance manually or with custom helmet model,Prototype helmet-risk detection using motorcycle and rider proximity
HELMET_0189,2026-06-21 05:42:13,373,2,1,POSSIBLE_HELMET_RISK,2,LOW,70,0.83,Verify helmet compliance manually or with custom helmet model,Prototype helmet-risk detection using motorcycle and rider proximity
HELMET_0190,2026-06-21 05:42:13,374,2,1,POSSIBLE_HELMET_RISK,2,LOW,70,0.9,Verify helmet compliance manually or with custom helmet model,Prototype helmet-risk detection using motorcycle and rider proximity
