evidence_id,timestamp,frame_number,motorcycle_count,rider_count,triple_riding_status,helmet_status,rain_road_status,wet_road_percentage,road_safety_score,severity_score,severity_level,demo_fine_amount,confidence,action_recommendation,note
MULTI_0001,2026-07-16 19:21:50,8,1,1,SINGLE_RIDER,POSSIBLE_NO_HELMET_RISK,RAIN_WET_ROAD_HIGH_RISK,96.96,25,4,HIGH,500,0.39,Manual helmet verification / no-helmet fine review | Warn riders about rain risk and slippery road,Combined prototype: triple riding + helmet risk + rain/wet road condition
MULTI_0002,2026-07-16 19:21:50,16,1,1,SINGLE_RIDER,POSSIBLE_NO_HELMET_RISK,RAIN_WET_ROAD_HIGH_RISK,97.23,25,4,HIGH,500,0.49,Manual helmet verification / no-helmet fine review | Warn riders about rain risk and slippery road,Combined prototype: triple riding + helmet risk + rain/wet road condition
MULTI_0003,2026-07-16 19:21:51,24,2,1,SINGLE_RIDER,POSSIBLE_NO_HELMET_RISK,RAIN_WET_ROAD_HIGH_RISK,97.44,25,4,HIGH,500,0.48,Manual helmet verification / no-helmet fine review | Warn riders about rain risk and slippery road,Combined prototype: triple riding + helmet risk + rain/wet road condition
MULTI_0004,2026-07-16 19:21:51,24,2,1,SINGLE_RIDER,POSSIBLE_NO_HELMET_RISK,RAIN_WET_ROAD_HIGH_RISK,97.44,25,4,HIGH,500,0.46,Manual helmet verification / no-helmet fine review | Warn riders about rain risk and slippery road,Combined prototype: triple riding + helmet risk + rain/wet road condition
MULTI_0005,2026-07-16 19:21:51,32,1,1,SINGLE_RIDER,POSSIBLE_NO_HELMET_RISK,RAIN_WET_ROAD_HIGH_RISK,95.9,25,4,HIGH,500,0.39,Manual helmet verification / no-helmet fine review | Warn riders about rain risk and slippery road,Combined prototype: triple riding + helmet risk + rain/wet road condition
MULTI_0006,2026-07-16 19:21:51,40,2,1,SINGLE_RIDER,POSSIBLE_NO_HELMET_RISK,RAIN_WET_ROAD_HIGH_RISK,94.2,25,4,HIGH,500,0.4,Manual helmet verification / no-helmet fine review | Warn riders about rain risk and slippery road,Combined prototype: triple riding + helmet risk + rain/wet road condition
MULTI_0007,2026-07-16 19:21:51,40,2,0,NO_RIDER_ASSOCIATED,NO_HELMET_RISK_NOT_CONFIRMED,RAIN_WET_ROAD_HIGH_RISK,94.2,25,4,HIGH,0,0.36,Warn riders about rain risk and slippery road,Combined prototype: triple riding + helmet risk + rain/wet road condition
MULTI_0008,2026-07-16 19:21:52,48,1,1,SINGLE_RIDER,POSSIBLE_NO_HELMET_RISK,RAIN_WET_ROAD_HIGH_RISK,93.74,25,4,HIGH,500,0.4,Manual helmet verification / no-helmet fine review | Warn riders about rain risk and slippery road,Combined prototype: triple riding + helmet risk + rain/wet road condition
MULTI_0009,2026-07-16 19:21:54,96,1,2,DOUBLE_RIDING_MONITORING,POSSIBLE_NO_HELMET_RISK,RAIN_WET_ROAD_HIGH_RISK,92.35,25,4,HIGH,500,0.41,Manual helmet verification / no-helmet fine review | Warn riders about rain risk and slippery road,Combined prototype: triple riding + helmet risk + rain/wet road condition
MULTI_0010,2026-07-16 19:21:54,104,1,2,DOUBLE_RIDING_MONITORING,POSSIBLE_NO_HELMET_RISK,RAIN_WET_ROAD_HIGH_RISK,92.62,25,4,HIGH,500,0.7,Manual helmet verification / no-helmet fine review | Warn riders about rain risk and slippery road,Combined prototype: triple riding + helmet risk + rain/wet road condition
MULTI_0011,2026-07-16 19:21:55,112,2,2,DOUBLE_RIDING_MONITORING,POSSIBLE_NO_HELMET_RISK,RAIN_WET_ROAD_HIGH_RISK,94.29,25,4,HIGH,500,0.62,Manual helmet verification / no-helmet fine review | Warn riders about rain risk and slippery road,Combined prototype: triple riding + helmet risk + rain/wet road condition
MULTI_0012,2026-07-16 19:21:55,112,2,2,DOUBLE_RIDING_MONITORING,POSSIBLE_NO_HELMET_RISK,RAIN_WET_ROAD_HIGH_RISK,94.29,25,4,HIGH,500,0.49,Manual helmet verification / no-helmet fine review | Warn riders about rain risk and slippery road,Combined prototype: triple riding + helmet risk + rain/wet road condition
MULTI_0013,2026-07-16 19:21:55,120,2,2,DOUBLE_RIDING_MONITORING,POSSIBLE_NO_HELMET_RISK,RAIN_WET_ROAD_HIGH_RISK,95.12,25,4,HIGH,500,0.53,Manual helmet verification / no-helmet fine review | Warn riders about rain risk and slippery road,Combined prototype: triple riding + helmet risk + rain/wet road condition
MULTI_0014,2026-07-16 19:21:55,120,2,2,DOUBLE_RIDING_MONITORING,POSSIBLE_NO_HELMET_RISK,RAIN_WET_ROAD_HIGH_RISK,95.12,25,4,HIGH,500,0.43,Manual helmet verification / no-helmet fine review | Warn riders about rain risk and slippery road,Combined prototype: triple riding + helmet risk + rain/wet road condition
MULTI_0015,2026-07-16 19:21:56,128,2,0,NO_RIDER_ASSOCIATED,NO_HELMET_RISK_NOT_CONFIRMED,RAIN_WET_ROAD_HIGH_RISK,94.21,25,4,HIGH,0,0.56,Warn riders about rain risk and slippery road,Combined prototype: triple riding + helmet risk + rain/wet road condition
MULTI_0016,2026-07-16 19:21:56,128,2,2,DOUBLE_RIDING_MONITORING,POSSIBLE_NO_HELMET_RISK,RAIN_WET_ROAD_HIGH_RISK,94.21,25,4,HIGH,500,0.4,Manual helmet verification / no-helmet fine review | Warn riders about rain risk and slippery road,Combined prototype: triple riding + helmet risk + rain/wet road condition
MULTI_0017,2026-07-16 19:21:56,136,3,2,DOUBLE_RIDING_MONITORING,POSSIBLE_NO_HELMET_RISK,RAIN_WET_ROAD_HIGH_RISK,90.25,25,4,HIGH,500,0.48,Manual helmet verification / no-helmet fine review | Warn riders about rain risk and slippery road,Combined prototype: triple riding + helmet risk + rain/wet road condition
MULTI_0018,2026-07-16 19:21:56,136,3,2,DOUBLE_RIDING_MONITORING,POSSIBLE_NO_HELMET_RISK,RAIN_WET_ROAD_HIGH_RISK,90.25,25,4,HIGH,500,0.41,Manual helmet verification / no-helmet fine review | Warn riders about rain risk and slippery road,Combined prototype: triple riding + helmet risk + rain/wet road condition
MULTI_0019,2026-07-16 19:21:56,136,3,2,DOUBLE_RIDING_MONITORING,POSSIBLE_NO_HELMET_RISK,RAIN_WET_ROAD_HIGH_RISK,90.25,25,4,HIGH,500,0.39,Manual helmet verification / no-helmet fine review | Warn riders about rain risk and slippery road,Combined prototype: triple riding + helmet risk + rain/wet road condition
MULTI_0020,2026-07-16 19:21:56,144,3,4,TRIPLE_RIDING_VIOLATION,POSSIBLE_NO_HELMET_RISK,RAIN_WET_ROAD_HIGH_RISK,92.84,25,5,HIGH,1500,0.57,Generate triple-riding fine and alert | Manual helmet verification / no-helmet fine review | Warn riders about rain risk and slippery road,Combined prototype: triple riding + helmet risk + rain/wet road condition
MULTI_0021,2026-07-16 19:21:56,144,3,2,DOUBLE_RIDING_MONITORING,POSSIBLE_NO_HELMET_RISK,RAIN_WET_ROAD_HIGH_RISK,92.84,25,4,HIGH,500,0.5,Manual helmet verification / no-helmet fine review | Warn riders about rain risk and slippery road,Combined prototype: triple riding + helmet risk + rain/wet road condition
MULTI_0022,2026-07-16 19:21:56,144,3,2,DOUBLE_RIDING_MONITORING,POSSIBLE_NO_HELMET_RISK,RAIN_WET_ROAD_HIGH_RISK,92.84,25,4,HIGH,500,0.42,Manual helmet verification / no-helmet fine review | Warn riders about rain risk and slippery road,Combined prototype: triple riding + helmet risk + rain/wet road condition
MULTI_0023,2026-07-16 19:21:57,152,4,3,TRIPLE_RIDING_VIOLATION,POSSIBLE_NO_HELMET_RISK,RAIN_WET_ROAD_HIGH_RISK,93.7,25,5,HIGH,1500,0.49,Generate triple-riding fine and alert | Manual helmet verification / no-helmet fine review | Warn riders about rain risk and slippery road,Combined prototype: triple riding + helmet risk + rain/wet road condition
MULTI_0024,2026-07-16 19:21:57,152,4,3,TRIPLE_RIDING_VIOLATION,POSSIBLE_NO_HELMET_RISK,RAIN_WET_ROAD_HIGH_RISK,93.7,25,5,HIGH,1500,0.45,Generate triple-riding fine and alert | Manual helmet verification / no-helmet fine review | Warn riders about rain risk and slippery road,Combined prototype: triple riding + helmet risk + rain/wet road condition
MULTI_0025,2026-07-16 19:21:57,152,4,4,TRIPLE_RIDING_VIOLATION,POSSIBLE_NO_HELMET_RISK,RAIN_WET_ROAD_HIGH_RISK,93.7,25,5,HIGH,1500,0.44,Generate triple-riding fine and alert | Manual helmet verification / no-helmet fine review | Warn riders about rain risk and slippery road,Combined prototype: triple riding + helmet risk + rain/wet road condition
MULTI_0026,2026-07-16 19:21:57,152,4,2,DOUBLE_RIDING_MONITORING,POSSIBLE_NO_HELMET_RISK,RAIN_WET_ROAD_HIGH_RISK,93.7,25,4,HIGH,500,0.43,Manual helmet verification / no-helmet fine review | Warn riders about rain risk and slippery road,Combined prototype: triple riding + helmet risk + rain/wet road condition
MULTI_0027,2026-07-16 19:21:57,160,2,5,TRIPLE_RIDING_VIOLATION,POSSIBLE_NO_HELMET_RISK,RAIN_WET_ROAD_HIGH_RISK,94.25,25,5,HIGH,1500,0.53,Generate triple-riding fine and alert | Manual helmet verification / no-helmet fine review | Warn riders about rain risk and slippery road,Combined prototype: triple riding + helmet risk + rain/wet road condition
MULTI_0028,2026-07-16 19:21:57,160,2,3,TRIPLE_RIDING_VIOLATION,POSSIBLE_NO_HELMET_RISK,RAIN_WET_ROAD_HIGH_RISK,94.25,25,5,HIGH,1500,0.45,Generate triple-riding fine and alert | Manual helmet verification / no-helmet fine review | Warn riders about rain risk and slippery road,Combined prototype: triple riding + helmet risk + rain/wet road condition
MULTI_0029,2026-07-16 19:21:57,168,1,2,DOUBLE_RIDING_MONITORING,POSSIBLE_NO_HELMET_RISK,RAIN_WET_ROAD_HIGH_RISK,94.37,25,4,HIGH,500,0.47,Manual helmet verification / no-helmet fine review | Warn riders about rain risk and slippery road,Combined prototype: triple riding + helmet risk + rain/wet road condition
MULTI_0030,2026-07-16 19:21:58,176,1,2,DOUBLE_RIDING_MONITORING,POSSIBLE_NO_HELMET_RISK,RAIN_WET_ROAD_HIGH_RISK,94.4,25,4,HIGH,500,0.42,Manual helmet verification / no-helmet fine review | Warn riders about rain risk and slippery road,Combined prototype: triple riding + helmet risk + rain/wet road condition
MULTI_0031,2026-07-16 19:21:58,184,1,3,TRIPLE_RIDING_VIOLATION,POSSIBLE_NO_HELMET_RISK,RAIN_WET_ROAD_HIGH_RISK,94.01,25,5,HIGH,1500,0.47,Generate triple-riding fine and alert | Manual helmet verification / no-helmet fine review | Warn riders about rain risk and slippery road,Combined prototype: triple riding + helmet risk + rain/wet road condition
MULTI_0032,2026-07-16 19:21:59,192,1,1,SINGLE_RIDER,POSSIBLE_NO_HELMET_RISK,RAIN_WET_ROAD_HIGH_RISK,93.72,25,4,HIGH,500,0.48,Manual helmet verification / no-helmet fine review | Warn riders about rain risk and slippery road,Combined prototype: triple riding + helmet risk + rain/wet road condition
MULTI_0033,2026-07-16 19:21:59,200,1,2,DOUBLE_RIDING_MONITORING,POSSIBLE_NO_HELMET_RISK,RAIN_WET_ROAD_HIGH_RISK,93.5,25,4,HIGH,500,0.48,Manual helmet verification / no-helmet fine review | Warn riders about rain risk and slippery road,Combined prototype: triple riding + helmet risk + rain/wet road condition
MULTI_0034,2026-07-16 19:21:59,208,1,1,SINGLE_RIDER,POSSIBLE_NO_HELMET_RISK,RAIN_WET_ROAD_HIGH_RISK,93.65,25,4,HIGH,500,0.53,Manual helmet verification / no-helmet fine review | Warn riders about rain risk and slippery road,Combined prototype: triple riding + helmet risk + rain/wet road condition
MULTI_0035,2026-07-16 19:22:02,256,1,0,NO_RIDER_ASSOCIATED,NO_HELMET_RISK_NOT_CONFIRMED,RAIN_WET_ROAD_HIGH_RISK,92.23,25,4,HIGH,0,0.74,Warn riders about rain risk and slippery road,Combined prototype: triple riding + helmet risk + rain/wet road condition
MULTI_0036,2026-07-16 19:22:02,264,1,1,SINGLE_RIDER,POSSIBLE_NO_HELMET_RISK,RAIN_WET_ROAD_HIGH_RISK,92.67,25,4,HIGH,500,0.73,Manual helmet verification / no-helmet fine review | Warn riders about rain risk and slippery road,Combined prototype: triple riding + helmet risk + rain/wet road condition
MULTI_0037,2026-07-16 19:22:02,272,1,2,DOUBLE_RIDING_MONITORING,POSSIBLE_NO_HELMET_RISK,RAIN_WET_ROAD_HIGH_RISK,92.86,25,4,HIGH,500,0.8,Manual helmet verification / no-helmet fine review | Warn riders about rain risk and slippery road,Combined prototype: triple riding + helmet risk + rain/wet road condition
MULTI_0038,2026-07-16 19:22:03,280,1,2,DOUBLE_RIDING_MONITORING,POSSIBLE_NO_HELMET_RISK,RAIN_WET_ROAD_HIGH_RISK,92.9,25,4,HIGH,500,0.78,Manual helmet verification / no-helmet fine review | Warn riders about rain risk and slippery road,Combined prototype: triple riding + helmet risk + rain/wet road condition
MULTI_0039,2026-07-16 19:22:03,288,1,2,DOUBLE_RIDING_MONITORING,POSSIBLE_NO_HELMET_RISK,RAIN_WET_ROAD_HIGH_RISK,92.95,25,4,HIGH,500,0.74,Manual helmet verification / no-helmet fine review | Warn riders about rain risk and slippery road,Combined prototype: triple riding + helmet risk + rain/wet road condition
MULTI_0040,2026-07-16 19:22:03,296,1,1,SINGLE_RIDER,POSSIBLE_NO_HELMET_RISK,RAIN_WET_ROAD_HIGH_RISK,92.96,25,4,HIGH,500,0.48,Manual helmet verification / no-helmet fine review | Warn riders about rain risk and slippery road,Combined prototype: triple riding + helmet risk + rain/wet road condition
MULTI_0041,2026-07-16 19:22:04,304,2,2,DOUBLE_RIDING_MONITORING,POSSIBLE_NO_HELMET_RISK,RAIN_WET_ROAD_HIGH_RISK,92.94,25,4,HIGH,500,0.62,Manual helmet verification / no-helmet fine review | Warn riders about rain risk and slippery road,Combined prototype: triple riding + helmet risk + rain/wet road condition
MULTI_0042,2026-07-16 19:22:04,304,2,2,DOUBLE_RIDING_MONITORING,POSSIBLE_NO_HELMET_RISK,RAIN_WET_ROAD_HIGH_RISK,92.94,25,4,HIGH,500,0.46,Manual helmet verification / no-helmet fine review | Warn riders about rain risk and slippery road,Combined prototype: triple riding + helmet risk + rain/wet road condition
MULTI_0043,2026-07-16 19:22:06,360,1,2,DOUBLE_RIDING_MONITORING,POSSIBLE_NO_HELMET_RISK,RAIN_WET_ROAD_HIGH_RISK,94.75,25,4,HIGH,500,0.35,Manual helmet verification / no-helmet fine review | Warn riders about rain risk and slippery road,Combined prototype: triple riding + helmet risk + rain/wet road condition
MULTI_0044,2026-07-16 19:22:08,408,1,1,SINGLE_RIDER,POSSIBLE_NO_HELMET_RISK,RAIN_WET_ROAD_HIGH_RISK,92.08,25,4,HIGH,500,0.39,Manual helmet verification / no-helmet fine review | Warn riders about rain risk and slippery road,Combined prototype: triple riding + helmet risk + rain/wet road condition
MULTI_0045,2026-07-16 19:22:10,448,1,0,NO_RIDER_ASSOCIATED,NO_HELMET_RISK_NOT_CONFIRMED,RAIN_WET_ROAD_HIGH_RISK,93.99,25,4,HIGH,0,0.37,Warn riders about rain risk and slippery road,Combined prototype: triple riding + helmet risk + rain/wet road condition
MULTI_0046,2026-07-16 19:22:11,456,1,1,SINGLE_RIDER,POSSIBLE_NO_HELMET_RISK,RAIN_WET_ROAD_HIGH_RISK,93.59,25,4,HIGH,500,0.66,Manual helmet verification / no-helmet fine review | Warn riders about rain risk and slippery road,Combined prototype: triple riding + helmet risk + rain/wet road condition
MULTI_0047,2026-07-16 19:22:11,464,1,1,SINGLE_RIDER,POSSIBLE_NO_HELMET_RISK,RAIN_WET_ROAD_HIGH_RISK,93.87,25,4,HIGH,500,0.43,Manual helmet verification / no-helmet fine review | Warn riders about rain risk and slippery road,Combined prototype: triple riding + helmet risk + rain/wet road condition
MULTI_0048,2026-07-16 19:22:11,472,1,1,SINGLE_RIDER,POSSIBLE_NO_HELMET_RISK,RAIN_WET_ROAD_HIGH_RISK,93.75,25,4,HIGH,500,0.5,Manual helmet verification / no-helmet fine review | Warn riders about rain risk and slippery road,Combined prototype: triple riding + helmet risk + rain/wet road condition
MULTI_0049,2026-07-16 19:22:12,480,1,0,NO_RIDER_ASSOCIATED,NO_HELMET_RISK_NOT_CONFIRMED,RAIN_WET_ROAD_HIGH_RISK,94.26,25,4,HIGH,0,0.37,Warn riders about rain risk and slippery road,Combined prototype: triple riding + helmet risk + rain/wet road condition
MULTI_0050,2026-07-16 19:22:12,488,1,1,SINGLE_RIDER,POSSIBLE_NO_HELMET_RISK,RAIN_WET_ROAD_HIGH_RISK,94.33,25,4,HIGH,500,0.49,Manual helmet verification / no-helmet fine review | Warn riders about rain risk and slippery road,Combined prototype: triple riding + helmet risk + rain/wet road condition
MULTI_0051,2026-07-16 19:22:20,664,1,1,SINGLE_RIDER,POSSIBLE_NO_HELMET_RISK,RAIN_WET_ROAD_HIGH_RISK,91.68,25,4,HIGH,500,0.64,Manual helmet verification / no-helmet fine review | Warn riders about rain risk and slippery road,Combined prototype: triple riding + helmet risk + rain/wet road condition
MULTI_0052,2026-07-16 19:22:20,672,1,1,SINGLE_RIDER,POSSIBLE_NO_HELMET_RISK,RAIN_WET_ROAD_HIGH_RISK,92.87,25,4,HIGH,500,0.78,Manual helmet verification / no-helmet fine review | Warn riders about rain risk and slippery road,Combined prototype: triple riding + helmet risk + rain/wet road condition
MULTI_0053,2026-07-16 19:22:21,680,1,1,SINGLE_RIDER,POSSIBLE_NO_HELMET_RISK,RAIN_WET_ROAD_HIGH_RISK,93.38,25,4,HIGH,500,0.68,Manual helmet verification / no-helmet fine review | Warn riders about rain risk and slippery road,Combined prototype: triple riding + helmet risk + rain/wet road condition
MULTI_0054,2026-07-16 19:22:21,688,3,0,NO_RIDER_ASSOCIATED,NO_HELMET_RISK_NOT_CONFIRMED,RAIN_WET_ROAD_HIGH_RISK,93.16,25,4,HIGH,0,0.58,Warn riders about rain risk and slippery road,Combined prototype: triple riding + helmet risk + rain/wet road condition
MULTI_0055,2026-07-16 19:22:21,688,3,1,SINGLE_RIDER,POSSIBLE_NO_HELMET_RISK,RAIN_WET_ROAD_HIGH_RISK,93.16,25,4,HIGH,500,0.51,Manual helmet verification / no-helmet fine review | Warn riders about rain risk and slippery road,Combined prototype: triple riding + helmet risk + rain/wet road condition
MULTI_0056,2026-07-16 19:22:21,688,3,0,NO_RIDER_ASSOCIATED,NO_HELMET_RISK_NOT_CONFIRMED,RAIN_WET_ROAD_HIGH_RISK,93.16,25,4,HIGH,0,0.47,Warn riders about rain risk and slippery road,Combined prototype: triple riding + helmet risk + rain/wet road condition
MULTI_0057,2026-07-16 19:22:21,696,2,1,SINGLE_RIDER,POSSIBLE_NO_HELMET_RISK,RAIN_WET_ROAD_HIGH_RISK,86.2,25,4,HIGH,500,0.8,Manual helmet verification / no-helmet fine review | Warn riders about rain risk and slippery road,Combined prototype: triple riding + helmet risk + rain/wet road condition
MULTI_0058,2026-07-16 19:22:21,696,2,1,SINGLE_RIDER,POSSIBLE_NO_HELMET_RISK,RAIN_WET_ROAD_HIGH_RISK,86.2,25,4,HIGH,500,0.51,Manual helmet verification / no-helmet fine review | Warn riders about rain risk and slippery road,Combined prototype: triple riding + helmet risk + rain/wet road condition
MULTI_0059,2026-07-16 19:22:22,704,2,2,DOUBLE_RIDING_MONITORING,POSSIBLE_NO_HELMET_RISK,RAIN_WET_ROAD_HIGH_RISK,78.83,25,4,HIGH,500,0.56,Manual helmet verification / no-helmet fine review | Warn riders about rain risk and slippery road,Combined prototype: triple riding + helmet risk + rain/wet road condition
MULTI_0060,2026-07-16 19:22:22,704,2,1,SINGLE_RIDER,POSSIBLE_NO_HELMET_RISK,RAIN_WET_ROAD_HIGH_RISK,78.83,25,4,HIGH,500,0.52,Manual helmet verification / no-helmet fine review | Warn riders about rain risk and slippery road,Combined prototype: triple riding + helmet risk + rain/wet road condition
MULTI_0061,2026-07-16 19:22:22,712,2,1,SINGLE_RIDER,POSSIBLE_NO_HELMET_RISK,RAIN_WET_ROAD_HIGH_RISK,74.72,25,4,HIGH,500,0.63,Manual helmet verification / no-helmet fine review | Warn riders about rain risk and slippery road,Combined prototype: triple riding + helmet risk + rain/wet road condition
MULTI_0062,2026-07-16 19:22:22,712,2,0,NO_RIDER_ASSOCIATED,NO_HELMET_RISK_NOT_CONFIRMED,RAIN_WET_ROAD_HIGH_RISK,74.72,25,4,HIGH,0,0.43,Warn riders about rain risk and slippery road,Combined prototype: triple riding + helmet risk + rain/wet road condition
MULTI_0063,2026-07-16 19:22:22,720,1,0,NO_RIDER_ASSOCIATED,NO_HELMET_RISK_NOT_CONFIRMED,RAIN_WET_ROAD_HIGH_RISK,76.26,25,4,HIGH,0,0.5,Warn riders about rain risk and slippery road,Combined prototype: triple riding + helmet risk + rain/wet road condition
MULTI_0064,2026-07-16 19:22:23,728,2,3,TRIPLE_RIDING_VIOLATION,POSSIBLE_NO_HELMET_RISK,RAIN_WET_ROAD_HIGH_RISK,82.55,25,5,HIGH,1500,0.66,Generate triple-riding fine and alert | Manual helmet verification / no-helmet fine review | Warn riders about rain risk and slippery road,Combined prototype: triple riding + helmet risk + rain/wet road condition
MULTI_0065,2026-07-16 19:22:23,728,2,0,NO_RIDER_ASSOCIATED,NO_HELMET_RISK_NOT_CONFIRMED,RAIN_WET_ROAD_HIGH_RISK,82.55,25,4,HIGH,0,0.41,Warn riders about rain risk and slippery road,Combined prototype: triple riding + helmet risk + rain/wet road condition
MULTI_0066,2026-07-16 19:22:23,736,1,1,SINGLE_RIDER,POSSIBLE_NO_HELMET_RISK,RAIN_WET_ROAD_HIGH_RISK,85.2,25,4,HIGH,500,0.7,Manual helmet verification / no-helmet fine review | Warn riders about rain risk and slippery road,Combined prototype: triple riding + helmet risk + rain/wet road condition
MULTI_0067,2026-07-16 19:22:24,744,2,2,DOUBLE_RIDING_MONITORING,POSSIBLE_NO_HELMET_RISK,RAIN_WET_ROAD_HIGH_RISK,86.36,25,4,HIGH,500,0.46,Manual helmet verification / no-helmet fine review | Warn riders about rain risk and slippery road,Combined prototype: triple riding + helmet risk + rain/wet road condition
MULTI_0068,2026-07-16 19:22:24,744,2,1,SINGLE_RIDER,POSSIBLE_NO_HELMET_RISK,RAIN_WET_ROAD_HIGH_RISK,86.36,25,4,HIGH,500,0.45,Manual helmet verification / no-helmet fine review | Warn riders about rain risk and slippery road,Combined prototype: triple riding + helmet risk + rain/wet road condition
MULTI_0069,2026-07-16 19:22:24,752,2,1,SINGLE_RIDER,POSSIBLE_NO_HELMET_RISK,RAIN_WET_ROAD_HIGH_RISK,87.01,25,4,HIGH,500,0.57,Manual helmet verification / no-helmet fine review | Warn riders about rain risk and slippery road,Combined prototype: triple riding + helmet risk + rain/wet road condition
MULTI_0070,2026-07-16 19:22:24,752,2,0,NO_RIDER_ASSOCIATED,NO_HELMET_RISK_NOT_CONFIRMED,RAIN_WET_ROAD_HIGH_RISK,87.01,25,4,HIGH,0,0.46,Warn riders about rain risk and slippery road,Combined prototype: triple riding + helmet risk + rain/wet road condition
MULTI_0071,2026-07-16 19:22:24,760,2,1,SINGLE_RIDER,POSSIBLE_NO_HELMET_RISK,RAIN_WET_ROAD_HIGH_RISK,87.42,25,4,HIGH,500,0.51,Manual helmet verification / no-helmet fine review | Warn riders about rain risk and slippery road,Combined prototype: triple riding + helmet risk + rain/wet road condition
MULTI_0072,2026-07-16 19:22:24,760,2,0,NO_RIDER_ASSOCIATED,NO_HELMET_RISK_NOT_CONFIRMED,RAIN_WET_ROAD_HIGH_RISK,87.42,25,4,HIGH,0,0.46,Warn riders about rain risk and slippery road,Combined prototype: triple riding + helmet risk + rain/wet road condition
MULTI_0073,2026-07-16 19:22:25,768,1,1,SINGLE_RIDER,POSSIBLE_NO_HELMET_RISK,RAIN_WET_ROAD_HIGH_RISK,87.52,25,4,HIGH,500,0.49,Manual helmet verification / no-helmet fine review | Warn riders about rain risk and slippery road,Combined prototype: triple riding + helmet risk + rain/wet road condition
MULTI_0074,2026-07-16 19:22:25,776,1,2,DOUBLE_RIDING_MONITORING,POSSIBLE_NO_HELMET_RISK,RAIN_WET_ROAD_HIGH_RISK,87.14,25,4,HIGH,500,0.44,Manual helmet verification / no-helmet fine review | Warn riders about rain risk and slippery road,Combined prototype: triple riding + helmet risk + rain/wet road condition
MULTI_0075,2026-07-16 19:22:25,784,2,1,SINGLE_RIDER,POSSIBLE_NO_HELMET_RISK,RAIN_WET_ROAD_HIGH_RISK,86.65,25,4,HIGH,500,0.6,Manual helmet verification / no-helmet fine review | Warn riders about rain risk and slippery road,Combined prototype: triple riding + helmet risk + rain/wet road condition
MULTI_0076,2026-07-16 19:22:25,784,2,0,NO_RIDER_ASSOCIATED,NO_HELMET_RISK_NOT_CONFIRMED,RAIN_WET_ROAD_HIGH_RISK,86.65,25,4,HIGH,0,0.4,Warn riders about rain risk and slippery road,Combined prototype: triple riding + helmet risk + rain/wet road condition
MULTI_0077,2026-07-16 19:22:26,792,2,1,SINGLE_RIDER,POSSIBLE_NO_HELMET_RISK,RAIN_WET_ROAD_HIGH_RISK,90.08,25,4,HIGH,500,0.62,Manual helmet verification / no-helmet fine review | Warn riders about rain risk and slippery road,Combined prototype: triple riding + helmet risk + rain/wet road condition
MULTI_0078,2026-07-16 19:22:26,792,2,0,NO_RIDER_ASSOCIATED,NO_HELMET_RISK_NOT_CONFIRMED,RAIN_WET_ROAD_HIGH_RISK,90.08,25,4,HIGH,0,0.47,Warn riders about rain risk and slippery road,Combined prototype: triple riding + helmet risk + rain/wet road condition
MULTI_0079,2026-07-16 19:22:26,800,2,1,SINGLE_RIDER,POSSIBLE_NO_HELMET_RISK,RAIN_WET_ROAD_HIGH_RISK,91.24,25,4,HIGH,500,0.68,Manual helmet verification / no-helmet fine review | Warn riders about rain risk and slippery road,Combined prototype: triple riding + helmet risk + rain/wet road condition
MULTI_0080,2026-07-16 19:22:26,800,2,0,NO_RIDER_ASSOCIATED,NO_HELMET_RISK_NOT_CONFIRMED,RAIN_WET_ROAD_HIGH_RISK,91.24,25,4,HIGH,0,0.44,Warn riders about rain risk and slippery road,Combined prototype: triple riding + helmet risk + rain/wet road condition
MULTI_0081,2026-07-16 19:22:27,808,3,3,TRIPLE_RIDING_VIOLATION,POSSIBLE_NO_HELMET_RISK,RAIN_WET_ROAD_HIGH_RISK,91.9,25,5,HIGH,1500,0.56,Generate triple-riding fine and alert | Manual helmet verification / no-helmet fine review | Warn riders about rain risk and slippery road,Combined prototype: triple riding + helmet risk + rain/wet road condition
MULTI_0082,2026-07-16 19:22:27,808,3,2,DOUBLE_RIDING_MONITORING,POSSIBLE_NO_HELMET_RISK,RAIN_WET_ROAD_HIGH_RISK,91.9,25,4,HIGH,500,0.44,Manual helmet verification / no-helmet fine review | Warn riders about rain risk and slippery road,Combined prototype: triple riding + helmet risk + rain/wet road condition
MULTI_0083,2026-07-16 19:22:27,808,3,3,TRIPLE_RIDING_VIOLATION,POSSIBLE_NO_HELMET_RISK,RAIN_WET_ROAD_HIGH_RISK,91.9,25,5,HIGH,1500,0.43,Generate triple-riding fine and alert | Manual helmet verification / no-helmet fine review | Warn riders about rain risk and slippery road,Combined prototype: triple riding + helmet risk + rain/wet road condition
MULTI_0084,2026-07-16 19:22:27,816,2,2,DOUBLE_RIDING_MONITORING,POSSIBLE_NO_HELMET_RISK,RAIN_WET_ROAD_HIGH_RISK,82.79,25,4,HIGH,500,0.52,Manual helmet verification / no-helmet fine review | Warn riders about rain risk and slippery road,Combined prototype: triple riding + helmet risk + rain/wet road condition
MULTI_0085,2026-07-16 19:22:27,816,2,2,DOUBLE_RIDING_MONITORING,POSSIBLE_NO_HELMET_RISK,RAIN_WET_ROAD_HIGH_RISK,82.79,25,4,HIGH,500,0.44,Manual helmet verification / no-helmet fine review | Warn riders about rain risk and slippery road,Combined prototype: triple riding + helmet risk + rain/wet road condition
MULTI_0086,2026-07-16 19:22:27,824,1,2,DOUBLE_RIDING_MONITORING,POSSIBLE_NO_HELMET_RISK,RAIN_WET_ROAD_HIGH_RISK,56.46,25,4,HIGH,500,0.65,Manual helmet verification / no-helmet fine review | Warn riders about rain risk and slippery road,Combined prototype: triple riding + helmet risk + rain/wet road condition
MULTI_0087,2026-07-16 19:22:29,856,1,1,SINGLE_RIDER,POSSIBLE_NO_HELMET_RISK,RAIN_WET_ROAD_HIGH_RISK,68.42,25,4,HIGH,500,0.46,Manual helmet verification / no-helmet fine review | Warn riders about rain risk and slippery road,Combined prototype: triple riding + helmet risk + rain/wet road condition
MULTI_0088,2026-07-16 19:22:29,864,1,1,SINGLE_RIDER,POSSIBLE_NO_HELMET_RISK,RAIN_WET_ROAD_HIGH_RISK,76.46,25,4,HIGH,500,0.79,Manual helmet verification / no-helmet fine review | Warn riders about rain risk and slippery road,Combined prototype: triple riding + helmet risk + rain/wet road condition
MULTI_0089,2026-07-16 19:22:29,872,1,1,SINGLE_RIDER,POSSIBLE_NO_HELMET_RISK,RAIN_WET_ROAD_HIGH_RISK,84.86,25,4,HIGH,500,0.64,Manual helmet verification / no-helmet fine review | Warn riders about rain risk and slippery road,Combined prototype: triple riding + helmet risk + rain/wet road condition
MULTI_0090,2026-07-16 19:22:30,880,1,2,DOUBLE_RIDING_MONITORING,POSSIBLE_NO_HELMET_RISK,RAIN_WET_ROAD_HIGH_RISK,90.39,25,4,HIGH,500,0.64,Manual helmet verification / no-helmet fine review | Warn riders about rain risk and slippery road,Combined prototype: triple riding + helmet risk + rain/wet road condition
MULTI_0091,2026-07-16 19:22:30,888,2,1,SINGLE_RIDER,POSSIBLE_NO_HELMET_RISK,RAIN_WET_ROAD_HIGH_RISK,93.43,25,4,HIGH,500,0.65,Manual helmet verification / no-helmet fine review | Warn riders about rain risk and slippery road,Combined prototype: triple riding + helmet risk + rain/wet road condition
MULTI_0092,2026-07-16 19:22:30,888,2,0,NO_RIDER_ASSOCIATED,NO_HELMET_RISK_NOT_CONFIRMED,RAIN_WET_ROAD_HIGH_RISK,93.43,25,4,HIGH,0,0.38,Warn riders about rain risk and slippery road,Combined prototype: triple riding + helmet risk + rain/wet road condition
MULTI_0093,2026-07-16 19:22:31,896,2,1,SINGLE_RIDER,POSSIBLE_NO_HELMET_RISK,RAIN_WET_ROAD_HIGH_RISK,93.88,25,4,HIGH,500,0.52,Manual helmet verification / no-helmet fine review | Warn riders about rain risk and slippery road,Combined prototype: triple riding + helmet risk + rain/wet road condition
MULTI_0094,2026-07-16 19:22:31,896,2,0,NO_RIDER_ASSOCIATED,NO_HELMET_RISK_NOT_CONFIRMED,RAIN_WET_ROAD_HIGH_RISK,93.88,25,4,HIGH,0,0.51,Warn riders about rain risk and slippery road,Combined prototype: triple riding + helmet risk + rain/wet road condition
MULTI_0095,2026-07-16 19:22:31,904,2,2,DOUBLE_RIDING_MONITORING,POSSIBLE_NO_HELMET_RISK,RAIN_WET_ROAD_HIGH_RISK,93.55,25,4,HIGH,500,0.45,Manual helmet verification / no-helmet fine review | Warn riders about rain risk and slippery road,Combined prototype: triple riding + helmet risk + rain/wet road condition
MULTI_0096,2026-07-16 19:22:31,904,2,2,DOUBLE_RIDING_MONITORING,POSSIBLE_NO_HELMET_RISK,RAIN_WET_ROAD_HIGH_RISK,93.55,25,4,HIGH,500,0.37,Manual helmet verification / no-helmet fine review | Warn riders about rain risk and slippery road,Combined prototype: triple riding + helmet risk + rain/wet road condition
MULTI_0097,2026-07-16 19:22:31,912,2,1,SINGLE_RIDER,POSSIBLE_NO_HELMET_RISK,RAIN_WET_ROAD_HIGH_RISK,94.06,25,4,HIGH,500,0.56,Manual helmet verification / no-helmet fine review | Warn riders about rain risk and slippery road,Combined prototype: triple riding + helmet risk + rain/wet road condition
MULTI_0098,2026-07-16 19:22:31,912,2,0,NO_RIDER_ASSOCIATED,NO_HELMET_RISK_NOT_CONFIRMED,RAIN_WET_ROAD_HIGH_RISK,94.06,25,4,HIGH,0,0.39,Warn riders about rain risk and slippery road,Combined prototype: triple riding + helmet risk + rain/wet road condition
MULTI_0099,2026-07-16 19:22:32,920,2,2,DOUBLE_RIDING_MONITORING,POSSIBLE_NO_HELMET_RISK,RAIN_WET_ROAD_HIGH_RISK,94.3,25,4,HIGH,500,0.71,Manual helmet verification / no-helmet fine review | Warn riders about rain risk and slippery road,Combined prototype: triple riding + helmet risk + rain/wet road condition
MULTI_0100,2026-07-16 19:22:32,920,2,0,NO_RIDER_ASSOCIATED,NO_HELMET_RISK_NOT_CONFIRMED,RAIN_WET_ROAD_HIGH_RISK,94.3,25,4,HIGH,0,0.4,Warn riders about rain risk and slippery road,Combined prototype: triple riding + helmet risk + rain/wet road condition
MULTI_0101,2026-07-16 19:22:32,928,3,1,SINGLE_RIDER,POSSIBLE_NO_HELMET_RISK,RAIN_WET_ROAD_HIGH_RISK,94.46,25,4,HIGH,500,0.67,Manual helmet verification / no-helmet fine review | Warn riders about rain risk and slippery road,Combined prototype: triple riding + helmet risk + rain/wet road condition
MULTI_0102,2026-07-16 19:22:32,928,3,0,NO_RIDER_ASSOCIATED,NO_HELMET_RISK_NOT_CONFIRMED,RAIN_WET_ROAD_HIGH_RISK,94.46,25,4,HIGH,0,0.43,Warn riders about rain risk and slippery road,Combined prototype: triple riding + helmet risk + rain/wet road condition
MULTI_0103,2026-07-16 19:22:32,928,3,0,NO_RIDER_ASSOCIATED,NO_HELMET_RISK_NOT_CONFIRMED,RAIN_WET_ROAD_HIGH_RISK,94.46,25,4,HIGH,0,0.42,Warn riders about rain risk and slippery road,Combined prototype: triple riding + helmet risk + rain/wet road condition
MULTI_0104,2026-07-16 19:22:35,992,1,1,SINGLE_RIDER,POSSIBLE_NO_HELMET_RISK,RAIN_WET_ROAD_HIGH_RISK,90.76,25,4,HIGH,500,0.37,Manual helmet verification / no-helmet fine review | Warn riders about rain risk and slippery road,Combined prototype: triple riding + helmet risk + rain/wet road condition
MULTI_0105,2026-07-16 19:22:35,1000,1,1,SINGLE_RIDER,POSSIBLE_NO_HELMET_RISK,RAIN_WET_ROAD_HIGH_RISK,92.03,25,4,HIGH,500,0.54,Manual helmet verification / no-helmet fine review | Warn riders about rain risk and slippery road,Combined prototype: triple riding + helmet risk + rain/wet road condition
MULTI_0106,2026-07-16 19:22:36,1008,1,0,NO_RIDER_ASSOCIATED,NO_HELMET_RISK_NOT_CONFIRMED,RAIN_WET_ROAD_HIGH_RISK,92.35,25,4,HIGH,0,0.61,Warn riders about rain risk and slippery road,Combined prototype: triple riding + helmet risk + rain/wet road condition
MULTI_0107,2026-07-16 19:22:36,1016,1,1,SINGLE_RIDER,POSSIBLE_NO_HELMET_RISK,RAIN_WET_ROAD_HIGH_RISK,92.85,25,4,HIGH,500,0.58,Manual helmet verification / no-helmet fine review | Warn riders about rain risk and slippery road,Combined prototype: triple riding + helmet risk + rain/wet road condition
MULTI_0108,2026-07-16 19:22:36,1024,1,0,NO_RIDER_ASSOCIATED,NO_HELMET_RISK_NOT_CONFIRMED,RAIN_WET_ROAD_HIGH_RISK,92.84,25,4,HIGH,0,0.68,Warn riders about rain risk and slippery road,Combined prototype: triple riding + helmet risk + rain/wet road condition
MULTI_0109,2026-07-16 19:22:37,1032,1,0,NO_RIDER_ASSOCIATED,NO_HELMET_RISK_NOT_CONFIRMED,RAIN_WET_ROAD_HIGH_RISK,93.72,25,4,HIGH,0,0.57,Warn riders about rain risk and slippery road,Combined prototype: triple riding + helmet risk + rain/wet road condition
MULTI_0110,2026-07-16 19:22:37,1040,1,0,NO_RIDER_ASSOCIATED,NO_HELMET_RISK_NOT_CONFIRMED,RAIN_WET_ROAD_HIGH_RISK,94.65,25,4,HIGH,0,0.37,Warn riders about rain risk and slippery road,Combined prototype: triple riding + helmet risk + rain/wet road condition
MULTI_0111,2026-07-16 19:22:38,1056,1,1,SINGLE_RIDER,POSSIBLE_NO_HELMET_RISK,RAIN_WET_ROAD_HIGH_RISK,92.51,25,4,HIGH,500,0.74,Manual helmet verification / no-helmet fine review | Warn riders about rain risk and slippery road,Combined prototype: triple riding + helmet risk + rain/wet road condition
MULTI_0112,2026-07-16 19:22:38,1064,1,1,SINGLE_RIDER,POSSIBLE_NO_HELMET_RISK,RAIN_WET_ROAD_HIGH_RISK,94.01,25,4,HIGH,500,0.71,Manual helmet verification / no-helmet fine review | Warn riders about rain risk and slippery road,Combined prototype: triple riding + helmet risk + rain/wet road condition
MULTI_0113,2026-07-16 19:22:39,1072,1,1,SINGLE_RIDER,POSSIBLE_NO_HELMET_RISK,RAIN_WET_ROAD_HIGH_RISK,94.45,25,4,HIGH,500,0.68,Manual helmet verification / no-helmet fine review | Warn riders about rain risk and slippery road,Combined prototype: triple riding + helmet risk + rain/wet road condition
MULTI_0114,2026-07-16 19:22:39,1080,1,1,SINGLE_RIDER,POSSIBLE_NO_HELMET_RISK,RAIN_WET_ROAD_HIGH_RISK,94.54,25,4,HIGH,500,0.56,Manual helmet verification / no-helmet fine review | Warn riders about rain risk and slippery road,Combined prototype: triple riding + helmet risk + rain/wet road condition
MULTI_0115,2026-07-16 19:22:39,1088,1,1,SINGLE_RIDER,POSSIBLE_NO_HELMET_RISK,RAIN_WET_ROAD_HIGH_RISK,92.93,25,4,HIGH,500,0.62,Manual helmet verification / no-helmet fine review | Warn riders about rain risk and slippery road,Combined prototype: triple riding + helmet risk + rain/wet road condition
MULTI_0116,2026-07-16 19:22:40,1096,2,1,SINGLE_RIDER,POSSIBLE_NO_HELMET_RISK,RAIN_WET_ROAD_HIGH_RISK,93.55,25,4,HIGH,500,0.52,Manual helmet verification / no-helmet fine review | Warn riders about rain risk and slippery road,Combined prototype: triple riding + helmet risk + rain/wet road condition
MULTI_0117,2026-07-16 19:22:40,1096,2,1,SINGLE_RIDER,POSSIBLE_NO_HELMET_RISK,RAIN_WET_ROAD_HIGH_RISK,93.55,25,4,HIGH,500,0.38,Manual helmet verification / no-helmet fine review | Warn riders about rain risk and slippery road,Combined prototype: triple riding + helmet risk + rain/wet road condition
MULTI_0118,2026-07-16 19:22:40,1104,1,1,SINGLE_RIDER,POSSIBLE_NO_HELMET_RISK,RAIN_WET_ROAD_HIGH_RISK,92.92,25,4,HIGH,500,0.58,Manual helmet verification / no-helmet fine review | Warn riders about rain risk and slippery road,Combined prototype: triple riding + helmet risk + rain/wet road condition
MULTI_0119,2026-07-16 19:22:41,1112,1,1,SINGLE_RIDER,POSSIBLE_NO_HELMET_RISK,RAIN_WET_ROAD_HIGH_RISK,92.91,25,4,HIGH,500,0.44,Manual helmet verification / no-helmet fine review | Warn riders about rain risk and slippery road,Combined prototype: triple riding + helmet risk + rain/wet road condition
MULTI_0120,2026-07-16 19:22:41,1120,1,1,SINGLE_RIDER,POSSIBLE_NO_HELMET_RISK,RAIN_WET_ROAD_HIGH_RISK,93.73,25,4,HIGH,500,0.42,Manual helmet verification / no-helmet fine review | Warn riders about rain risk and slippery road,Combined prototype: triple riding + helmet risk + rain/wet road condition
MULTI_0121,2026-07-16 19:22:41,1128,1,1,SINGLE_RIDER,POSSIBLE_NO_HELMET_RISK,RAIN_WET_ROAD_HIGH_RISK,93.58,25,4,HIGH,500,0.37,Manual helmet verification / no-helmet fine review | Warn riders about rain risk and slippery road,Combined prototype: triple riding + helmet risk + rain/wet road condition
MULTI_0122,2026-07-16 19:22:42,1136,1,1,SINGLE_RIDER,POSSIBLE_NO_HELMET_RISK,RAIN_WET_ROAD_HIGH_RISK,93.63,25,4,HIGH,500,0.56,Manual helmet verification / no-helmet fine review | Warn riders about rain risk and slippery road,Combined prototype: triple riding + helmet risk + rain/wet road condition
MULTI_0123,2026-07-16 19:22:42,1144,2,1,SINGLE_RIDER,POSSIBLE_NO_HELMET_RISK,RAIN_WET_ROAD_HIGH_RISK,90.14,25,4,HIGH,500,0.74,Manual helmet verification / no-helmet fine review | Warn riders about rain risk and slippery road,Combined prototype: triple riding + helmet risk + rain/wet road condition
MULTI_0124,2026-07-16 19:22:42,1144,2,1,SINGLE_RIDER,POSSIBLE_NO_HELMET_RISK,RAIN_WET_ROAD_HIGH_RISK,90.14,25,4,HIGH,500,0.45,Manual helmet verification / no-helmet fine review | Warn riders about rain risk and slippery road,Combined prototype: triple riding + helmet risk + rain/wet road condition
MULTI_0125,2026-07-16 19:22:42,1152,2,1,SINGLE_RIDER,POSSIBLE_NO_HELMET_RISK,RAIN_WET_ROAD_HIGH_RISK,91.96,25,4,HIGH,500,0.6,Manual helmet verification / no-helmet fine review | Warn riders about rain risk and slippery road,Combined prototype: triple riding + helmet risk + rain/wet road condition
MULTI_0126,2026-07-16 19:22:42,1152,2,1,SINGLE_RIDER,POSSIBLE_NO_HELMET_RISK,RAIN_WET_ROAD_HIGH_RISK,91.96,25,4,HIGH,500,0.48,Manual helmet verification / no-helmet fine review | Warn riders about rain risk and slippery road,Combined prototype: triple riding + helmet risk + rain/wet road condition
MULTI_0127,2026-07-16 19:22:43,1160,2,0,NO_RIDER_ASSOCIATED,NO_HELMET_RISK_NOT_CONFIRMED,RAIN_WET_ROAD_HIGH_RISK,92.66,25,4,HIGH,0,0.56,Warn riders about rain risk and slippery road,Combined prototype: triple riding + helmet risk + rain/wet road condition
MULTI_0128,2026-07-16 19:22:43,1160,2,1,SINGLE_RIDER,POSSIBLE_NO_HELMET_RISK,RAIN_WET_ROAD_HIGH_RISK,92.66,25,4,HIGH,500,0.54,Manual helmet verification / no-helmet fine review | Warn riders about rain risk and slippery road,Combined prototype: triple riding + helmet risk + rain/wet road condition
MULTI_0129,2026-07-16 19:22:44,1168,2,1,SINGLE_RIDER,POSSIBLE_NO_HELMET_RISK,RAIN_WET_ROAD_HIGH_RISK,92.87,25,4,HIGH,500,0.65,Manual helmet verification / no-helmet fine review | Warn riders about rain risk and slippery road,Combined prototype: triple riding + helmet risk + rain/wet road condition
MULTI_0130,2026-07-16 19:22:44,1168,2,1,SINGLE_RIDER,POSSIBLE_NO_HELMET_RISK,RAIN_WET_ROAD_HIGH_RISK,92.87,25,4,HIGH,500,0.37,Manual helmet verification / no-helmet fine review | Warn riders about rain risk and slippery road,Combined prototype: triple riding + helmet risk + rain/wet road condition
MULTI_0131,2026-07-16 19:22:45,1176,2,2,DOUBLE_RIDING_MONITORING,POSSIBLE_NO_HELMET_RISK,RAIN_WET_ROAD_HIGH_RISK,92.68,25,4,HIGH,500,0.5,Manual helmet verification / no-helmet fine review | Warn riders about rain risk and slippery road,Combined prototype: triple riding + helmet risk + rain/wet road condition
MULTI_0132,2026-07-16 19:22:45,1176,2,1,SINGLE_RIDER,POSSIBLE_NO_HELMET_RISK,RAIN_WET_ROAD_HIGH_RISK,92.68,25,4,HIGH,500,0.4,Manual helmet verification / no-helmet fine review | Warn riders about rain risk and slippery road,Combined prototype: triple riding + helmet risk + rain/wet road condition
MULTI_0133,2026-07-16 19:22:46,1184,1,2,DOUBLE_RIDING_MONITORING,POSSIBLE_NO_HELMET_RISK,RAIN_WET_ROAD_HIGH_RISK,93.23,25,4,HIGH,500,0.63,Manual helmet verification / no-helmet fine review | Warn riders about rain risk and slippery road,Combined prototype: triple riding + helmet risk + rain/wet road condition
MULTI_0134,2026-07-16 19:22:47,1192,1,1,SINGLE_RIDER,POSSIBLE_NO_HELMET_RISK,RAIN_WET_ROAD_HIGH_RISK,93.6,25,4,HIGH,500,0.64,Manual helmet verification / no-helmet fine review | Warn riders about rain risk and slippery road,Combined prototype: triple riding + helmet risk + rain/wet road condition
MULTI_0135,2026-07-16 19:22:48,1200,3,0,NO_RIDER_ASSOCIATED,NO_HELMET_RISK_NOT_CONFIRMED,RAIN_WET_ROAD_HIGH_RISK,90.32,25,4,HIGH,0,0.63,Warn riders about rain risk and slippery road,Combined prototype: triple riding + helmet risk + rain/wet road condition
MULTI_0136,2026-07-16 19:22:48,1200,3,0,NO_RIDER_ASSOCIATED,NO_HELMET_RISK_NOT_CONFIRMED,RAIN_WET_ROAD_HIGH_RISK,90.32,25,4,HIGH,0,0.52,Warn riders about rain risk and slippery road,Combined prototype: triple riding + helmet risk + rain/wet road condition
MULTI_0137,2026-07-16 19:22:48,1200,3,0,NO_RIDER_ASSOCIATED,NO_HELMET_RISK_NOT_CONFIRMED,RAIN_WET_ROAD_HIGH_RISK,90.32,25,4,HIGH,0,0.44,Warn riders about rain risk and slippery road,Combined prototype: triple riding + helmet risk + rain/wet road condition
MULTI_0138,2026-07-16 19:22:49,1208,1,2,DOUBLE_RIDING_MONITORING,POSSIBLE_NO_HELMET_RISK,RAIN_WET_ROAD_HIGH_RISK,86.76,25,4,HIGH,500,0.55,Manual helmet verification / no-helmet fine review | Warn riders about rain risk and slippery road,Combined prototype: triple riding + helmet risk + rain/wet road condition
MULTI_0139,2026-07-16 19:23:06,1368,1,1,SINGLE_RIDER,POSSIBLE_NO_HELMET_RISK,RAIN_WET_ROAD_HIGH_RISK,74.02,25,4,HIGH,500,0.46,Manual helmet verification / no-helmet fine review | Warn riders about rain risk and slippery road,Combined prototype: triple riding + helmet risk + rain/wet road condition
MULTI_0140,2026-07-16 19:23:07,1376,3,1,SINGLE_RIDER,POSSIBLE_NO_HELMET_RISK,RAIN_WET_ROAD_HIGH_RISK,77.58,25,4,HIGH,500,0.88,Manual helmet verification / no-helmet fine review | Warn riders about rain risk and slippery road,Combined prototype: triple riding + helmet risk + rain/wet road condition
MULTI_0141,2026-07-16 19:23:07,1376,3,1,SINGLE_RIDER,POSSIBLE_NO_HELMET_RISK,RAIN_WET_ROAD_HIGH_RISK,77.58,25,4,HIGH,500,0.69,Manual helmet verification / no-helmet fine review | Warn riders about rain risk and slippery road,Combined prototype: triple riding + helmet risk + rain/wet road condition
MULTI_0142,2026-07-16 19:23:07,1376,3,0,NO_RIDER_ASSOCIATED,NO_HELMET_RISK_NOT_CONFIRMED,RAIN_WET_ROAD_HIGH_RISK,77.58,25,4,HIGH,0,0.38,Warn riders about rain risk and slippery road,Combined prototype: triple riding + helmet risk + rain/wet road condition
MULTI_0143,2026-07-16 19:23:08,1384,1,1,SINGLE_RIDER,POSSIBLE_NO_HELMET_RISK,RAIN_WET_ROAD_HIGH_RISK,63.06,25,4,HIGH,500,0.37,Manual helmet verification / no-helmet fine review | Warn riders about rain risk and slippery road,Combined prototype: triple riding + helmet risk + rain/wet road condition
MULTI_0144,2026-07-16 19:23:09,1392,1,3,TRIPLE_RIDING_VIOLATION,POSSIBLE_NO_HELMET_RISK,RAIN_WET_ROAD_HIGH_RISK,59.08,25,5,HIGH,1500,0.67,Generate triple-riding fine and alert | Manual helmet verification / no-helmet fine review | Warn riders about rain risk and slippery road,Combined prototype: triple riding + helmet risk + rain/wet road condition
MULTI_0145,2026-07-16 19:23:09,1400,1,2,DOUBLE_RIDING_MONITORING,POSSIBLE_NO_HELMET_RISK,RAIN_WET_ROAD_HIGH_RISK,67.35,25,4,HIGH,500,0.62,Manual helmet verification / no-helmet fine review | Warn riders about rain risk and slippery road,Combined prototype: triple riding + helmet risk + rain/wet road condition
MULTI_0146,2026-07-16 19:23:10,1408,2,3,TRIPLE_RIDING_VIOLATION,POSSIBLE_NO_HELMET_RISK,RAIN_WET_ROAD_HIGH_RISK,71.6,25,5,HIGH,1500,0.52,Generate triple-riding fine and alert | Manual helmet verification / no-helmet fine review | Warn riders about rain risk and slippery road,Combined prototype: triple riding + helmet risk + rain/wet road condition
MULTI_0147,2026-07-16 19:23:10,1408,2,2,DOUBLE_RIDING_MONITORING,POSSIBLE_NO_HELMET_RISK,RAIN_WET_ROAD_HIGH_RISK,71.6,25,4,HIGH,500,0.5,Manual helmet verification / no-helmet fine review | Warn riders about rain risk and slippery road,Combined prototype: triple riding + helmet risk + rain/wet road condition
MULTI_0148,2026-07-16 19:23:12,1424,2,1,SINGLE_RIDER,POSSIBLE_NO_HELMET_RISK,RAIN_WET_ROAD_HIGH_RISK,99.45,25,4,HIGH,500,0.73,Manual helmet verification / no-helmet fine review | Warn riders about rain risk and slippery road,Combined prototype: triple riding + helmet risk + rain/wet road condition
MULTI_0149,2026-07-16 19:23:12,1424,2,0,NO_RIDER_ASSOCIATED,NO_HELMET_RISK_NOT_CONFIRMED,RAIN_WET_ROAD_HIGH_RISK,99.45,25,4,HIGH,0,0.42,Warn riders about rain risk and slippery road,Combined prototype: triple riding + helmet risk + rain/wet road condition
MULTI_0150,2026-07-16 19:23:13,1432,2,2,DOUBLE_RIDING_MONITORING,POSSIBLE_NO_HELMET_RISK,RAIN_WET_ROAD_HIGH_RISK,99.53,25,4,HIGH,500,0.79,Manual helmet verification / no-helmet fine review | Warn riders about rain risk and slippery road,Combined prototype: triple riding + helmet risk + rain/wet road condition
MULTI_0151,2026-07-16 19:23:13,1432,2,1,SINGLE_RIDER,POSSIBLE_NO_HELMET_RISK,RAIN_WET_ROAD_HIGH_RISK,99.53,25,4,HIGH,500,0.68,Manual helmet verification / no-helmet fine review | Warn riders about rain risk and slippery road,Combined prototype: triple riding + helmet risk + rain/wet road condition
MULTI_0152,2026-07-16 19:23:13,1440,2,2,DOUBLE_RIDING_MONITORING,POSSIBLE_NO_HELMET_RISK,RAIN_WET_ROAD_HIGH_RISK,97.89,25,4,HIGH,500,0.85,Manual helmet verification / no-helmet fine review | Warn riders about rain risk and slippery road,Combined prototype: triple riding + helmet risk + rain/wet road condition
MULTI_0153,2026-07-16 19:23:13,1440,2,1,SINGLE_RIDER,POSSIBLE_NO_HELMET_RISK,RAIN_WET_ROAD_HIGH_RISK,97.89,25,4,HIGH,500,0.57,Manual helmet verification / no-helmet fine review | Warn riders about rain risk and slippery road,Combined prototype: triple riding + helmet risk + rain/wet road condition
MULTI_0154,2026-07-16 19:23:14,1448,2,4,TRIPLE_RIDING_VIOLATION,POSSIBLE_NO_HELMET_RISK,RAIN_WET_ROAD_HIGH_RISK,97.07,25,5,HIGH,1500,0.88,Generate triple-riding fine and alert | Manual helmet verification / no-helmet fine review | Warn riders about rain risk and slippery road,Combined prototype: triple riding + helmet risk + rain/wet road condition
MULTI_0155,2026-07-16 19:23:14,1448,2,1,SINGLE_RIDER,POSSIBLE_NO_HELMET_RISK,RAIN_WET_ROAD_HIGH_RISK,97.07,25,4,HIGH,500,0.56,Manual helmet verification / no-helmet fine review | Warn riders about rain risk and slippery road,Combined prototype: triple riding + helmet risk + rain/wet road condition
MULTI_0156,2026-07-16 19:23:15,1456,2,4,TRIPLE_RIDING_VIOLATION,POSSIBLE_NO_HELMET_RISK,RAIN_WET_ROAD_HIGH_RISK,96.14,25,5,HIGH,1500,0.87,Generate triple-riding fine and alert | Manual helmet verification / no-helmet fine review | Warn riders about rain risk and slippery road,Combined prototype: triple riding + helmet risk + rain/wet road condition
MULTI_0157,2026-07-16 19:23:15,1456,2,0,NO_RIDER_ASSOCIATED,NO_HELMET_RISK_NOT_CONFIRMED,RAIN_WET_ROAD_HIGH_RISK,96.14,25,4,HIGH,0,0.64,Warn riders about rain risk and slippery road,Combined prototype: triple riding + helmet risk + rain/wet road condition
MULTI_0158,2026-07-16 19:23:16,1464,2,2,DOUBLE_RIDING_MONITORING,POSSIBLE_NO_HELMET_RISK,RAIN_WET_ROAD_HIGH_RISK,94.28,25,4,HIGH,500,0.85,Manual helmet verification / no-helmet fine review | Warn riders about rain risk and slippery road,Combined prototype: triple riding + helmet risk + rain/wet road condition
MULTI_0159,2026-07-16 19:23:16,1464,2,0,NO_RIDER_ASSOCIATED,NO_HELMET_RISK_NOT_CONFIRMED,RAIN_WET_ROAD_HIGH_RISK,94.28,25,4,HIGH,0,0.49,Warn riders about rain risk and slippery road,Combined prototype: triple riding + helmet risk + rain/wet road condition
MULTI_0160,2026-07-16 19:23:17,1472,2,4,TRIPLE_RIDING_VIOLATION,POSSIBLE_NO_HELMET_RISK,RAIN_WET_ROAD_HIGH_RISK,92.62,25,5,HIGH,1500,0.75,Generate triple-riding fine and alert | Manual helmet verification / no-helmet fine review | Warn riders about rain risk and slippery road,Combined prototype: triple riding + helmet risk + rain/wet road condition
MULTI_0161,2026-07-16 19:23:17,1472,2,1,SINGLE_RIDER,POSSIBLE_NO_HELMET_RISK,RAIN_WET_ROAD_HIGH_RISK,92.62,25,4,HIGH,500,0.49,Manual helmet verification / no-helmet fine review | Warn riders about rain risk and slippery road,Combined prototype: triple riding + helmet risk + rain/wet road condition
MULTI_0162,2026-07-16 19:23:18,1480,2,3,TRIPLE_RIDING_VIOLATION,POSSIBLE_NO_HELMET_RISK,RAIN_WET_ROAD_HIGH_RISK,91.35,25,5,HIGH,1500,0.83,Generate triple-riding fine and alert | Manual helmet verification / no-helmet fine review | Warn riders about rain risk and slippery road,Combined prototype: triple riding + helmet risk + rain/wet road condition
MULTI_0163,2026-07-16 19:23:18,1480,2,1,SINGLE_RIDER,POSSIBLE_NO_HELMET_RISK,RAIN_WET_ROAD_HIGH_RISK,91.35,25,4,HIGH,500,0.46,Manual helmet verification / no-helmet fine review | Warn riders about rain risk and slippery road,Combined prototype: triple riding + helmet risk + rain/wet road condition
MULTI_0164,2026-07-16 19:23:19,1488,2,3,TRIPLE_RIDING_VIOLATION,POSSIBLE_NO_HELMET_RISK,RAIN_WET_ROAD_HIGH_RISK,91.63,25,5,HIGH,1500,0.78,Generate triple-riding fine and alert | Manual helmet verification / no-helmet fine review | Warn riders about rain risk and slippery road,Combined prototype: triple riding + helmet risk + rain/wet road condition
MULTI_0165,2026-07-16 19:23:19,1488,2,0,NO_RIDER_ASSOCIATED,NO_HELMET_RISK_NOT_CONFIRMED,RAIN_WET_ROAD_HIGH_RISK,91.63,25,4,HIGH,0,0.36,Warn riders about rain risk and slippery road,Combined prototype: triple riding + helmet risk + rain/wet road condition
MULTI_0166,2026-07-16 19:23:19,1496,1,4,TRIPLE_RIDING_VIOLATION,POSSIBLE_NO_HELMET_RISK,RAIN_WET_ROAD_HIGH_RISK,90.85,25,5,HIGH,1500,0.77,Generate triple-riding fine and alert | Manual helmet verification / no-helmet fine review | Warn riders about rain risk and slippery road,Combined prototype: triple riding + helmet risk + rain/wet road condition
MULTI_0167,2026-07-16 19:23:20,1504,2,1,SINGLE_RIDER,POSSIBLE_NO_HELMET_RISK,RAIN_WET_ROAD_HIGH_RISK,88.41,25,4,HIGH,500,0.81,Manual helmet verification / no-helmet fine review | Warn riders about rain risk and slippery road,Combined prototype: triple riding + helmet risk + rain/wet road condition
MULTI_0168,2026-07-16 19:23:20,1504,2,3,TRIPLE_RIDING_VIOLATION,POSSIBLE_NO_HELMET_RISK,RAIN_WET_ROAD_HIGH_RISK,88.41,25,5,HIGH,1500,0.7,Generate triple-riding fine and alert | Manual helmet verification / no-helmet fine review | Warn riders about rain risk and slippery road,Combined prototype: triple riding + helmet risk + rain/wet road condition
MULTI_0169,2026-07-16 19:23:21,1512,3,3,TRIPLE_RIDING_VIOLATION,POSSIBLE_NO_HELMET_RISK,RAIN_WET_ROAD_HIGH_RISK,88.79,25,5,HIGH,1500,0.76,Generate triple-riding fine and alert | Manual helmet verification / no-helmet fine review | Warn riders about rain risk and slippery road,Combined prototype: triple riding + helmet risk + rain/wet road condition
MULTI_0170,2026-07-16 19:23:21,1512,3,1,SINGLE_RIDER,POSSIBLE_NO_HELMET_RISK,RAIN_WET_ROAD_HIGH_RISK,88.79,25,4,HIGH,500,0.67,Manual helmet verification / no-helmet fine review | Warn riders about rain risk and slippery road,Combined prototype: triple riding + helmet risk + rain/wet road condition
MULTI_0171,2026-07-16 19:23:21,1512,3,0,NO_RIDER_ASSOCIATED,NO_HELMET_RISK_NOT_CONFIRMED,RAIN_WET_ROAD_HIGH_RISK,88.79,25,4,HIGH,0,0.43,Warn riders about rain risk and slippery road,Combined prototype: triple riding + helmet risk + rain/wet road condition
MULTI_0172,2026-07-16 19:23:22,1520,3,3,TRIPLE_RIDING_VIOLATION,POSSIBLE_NO_HELMET_RISK,RAIN_WET_ROAD_HIGH_RISK,88.61,25,5,HIGH,1500,0.78,Generate triple-riding fine and alert | Manual helmet verification / no-helmet fine review | Warn riders about rain risk and slippery road,Combined prototype: triple riding + helmet risk + rain/wet road condition
MULTI_0173,2026-07-16 19:23:22,1520,3,1,SINGLE_RIDER,POSSIBLE_NO_HELMET_RISK,RAIN_WET_ROAD_HIGH_RISK,88.61,25,4,HIGH,500,0.62,Manual helmet verification / no-helmet fine review | Warn riders about rain risk and slippery road,Combined prototype: triple riding + helmet risk + rain/wet road condition
MULTI_0174,2026-07-16 19:23:22,1520,3,0,NO_RIDER_ASSOCIATED,NO_HELMET_RISK_NOT_CONFIRMED,RAIN_WET_ROAD_HIGH_RISK,88.61,25,4,HIGH,0,0.57,Warn riders about rain risk and slippery road,Combined prototype: triple riding + helmet risk + rain/wet road condition
MULTI_0175,2026-07-16 19:23:23,1528,4,4,TRIPLE_RIDING_VIOLATION,POSSIBLE_NO_HELMET_RISK,RAIN_WET_ROAD_HIGH_RISK,88.6,25,5,HIGH,1500,0.75,Generate triple-riding fine and alert | Manual helmet verification / no-helmet fine review | Warn riders about rain risk and slippery road,Combined prototype: triple riding + helmet risk + rain/wet road condition
MULTI_0176,2026-07-16 19:23:23,1528,4,1,SINGLE_RIDER,POSSIBLE_NO_HELMET_RISK,RAIN_WET_ROAD_HIGH_RISK,88.6,25,4,HIGH,500,0.61,Manual helmet verification / no-helmet fine review | Warn riders about rain risk and slippery road,Combined prototype: triple riding + helmet risk + rain/wet road condition
MULTI_0177,2026-07-16 19:23:23,1528,4,0,NO_RIDER_ASSOCIATED,NO_HELMET_RISK_NOT_CONFIRMED,RAIN_WET_ROAD_HIGH_RISK,88.6,25,4,HIGH,0,0.47,Warn riders about rain risk and slippery road,Combined prototype: triple riding + helmet risk + rain/wet road condition
MULTI_0178,2026-07-16 19:23:23,1528,4,0,NO_RIDER_ASSOCIATED,NO_HELMET_RISK_NOT_CONFIRMED,RAIN_WET_ROAD_HIGH_RISK,88.6,25,4,HIGH,0,0.36,Warn riders about rain risk and slippery road,Combined prototype: triple riding + helmet risk + rain/wet road condition
MULTI_0179,2026-07-16 19:23:24,1536,3,4,TRIPLE_RIDING_VIOLATION,POSSIBLE_NO_HELMET_RISK,RAIN_WET_ROAD_HIGH_RISK,88.39,25,5,HIGH,1500,0.77,Generate triple-riding fine and alert | Manual helmet verification / no-helmet fine review | Warn riders about rain risk and slippery road,Combined prototype: triple riding + helmet risk + rain/wet road condition
MULTI_0180,2026-07-16 19:23:24,1536,3,1,SINGLE_RIDER,POSSIBLE_NO_HELMET_RISK,RAIN_WET_ROAD_HIGH_RISK,88.39,25,4,HIGH,500,0.63,Manual helmet verification / no-helmet fine review | Warn riders about rain risk and slippery road,Combined prototype: triple riding + helmet risk + rain/wet road condition
MULTI_0181,2026-07-16 19:23:24,1536,3,0,NO_RIDER_ASSOCIATED,NO_HELMET_RISK_NOT_CONFIRMED,RAIN_WET_ROAD_HIGH_RISK,88.39,25,4,HIGH,0,0.47,Warn riders about rain risk and slippery road,Combined prototype: triple riding + helmet risk + rain/wet road condition
MULTI_0182,2026-07-16 19:23:24,1544,2,4,TRIPLE_RIDING_VIOLATION,POSSIBLE_NO_HELMET_RISK,RAIN_WET_ROAD_HIGH_RISK,88.4,25,5,HIGH,1500,0.79,Generate triple-riding fine and alert | Manual helmet verification / no-helmet fine review | Warn riders about rain risk and slippery road,Combined prototype: triple riding + helmet risk + rain/wet road condition
MULTI_0183,2026-07-16 19:23:24,1544,2,1,SINGLE_RIDER,POSSIBLE_NO_HELMET_RISK,RAIN_WET_ROAD_HIGH_RISK,88.4,25,4,HIGH,500,0.62,Manual helmet verification / no-helmet fine review | Warn riders about rain risk and slippery road,Combined prototype: triple riding + helmet risk + rain/wet road condition
MULTI_0184,2026-07-16 19:23:25,1552,2,4,TRIPLE_RIDING_VIOLATION,POSSIBLE_NO_HELMET_RISK,RAIN_WET_ROAD_HIGH_RISK,88.29,25,5,HIGH,1500,0.81,Generate triple-riding fine and alert | Manual helmet verification / no-helmet fine review | Warn riders about rain risk and slippery road,Combined prototype: triple riding + helmet risk + rain/wet road condition
MULTI_0185,2026-07-16 19:23:25,1552,2,1,SINGLE_RIDER,POSSIBLE_NO_HELMET_RISK,RAIN_WET_ROAD_HIGH_RISK,88.29,25,4,HIGH,500,0.48,Manual helmet verification / no-helmet fine review | Warn riders about rain risk and slippery road,Combined prototype: triple riding + helmet risk + rain/wet road condition
MULTI_0186,2026-07-16 19:23:26,1560,2,4,TRIPLE_RIDING_VIOLATION,POSSIBLE_NO_HELMET_RISK,RAIN_WET_ROAD_HIGH_RISK,87.97,25,5,HIGH,1500,0.75,Generate triple-riding fine and alert | Manual helmet verification / no-helmet fine review | Warn riders about rain risk and slippery road,Combined prototype: triple riding + helmet risk + rain/wet road condition
MULTI_0187,2026-07-16 19:23:26,1560,2,1,SINGLE_RIDER,POSSIBLE_NO_HELMET_RISK,RAIN_WET_ROAD_HIGH_RISK,87.97,25,4,HIGH,500,0.52,Manual helmet verification / no-helmet fine review | Warn riders about rain risk and slippery road,Combined prototype: triple riding + helmet risk + rain/wet road condition
MULTI_0188,2026-07-16 19:23:27,1568,2,3,TRIPLE_RIDING_VIOLATION,POSSIBLE_NO_HELMET_RISK,RAIN_WET_ROAD_HIGH_RISK,87.78,25,5,HIGH,1500,0.81,Generate triple-riding fine and alert | Manual helmet verification / no-helmet fine review | Warn riders about rain risk and slippery road,Combined prototype: triple riding + helmet risk + rain/wet road condition
MULTI_0189,2026-07-16 19:23:27,1568,2,1,SINGLE_RIDER,POSSIBLE_NO_HELMET_RISK,RAIN_WET_ROAD_HIGH_RISK,87.78,25,4,HIGH,500,0.46,Manual helmet verification / no-helmet fine review | Warn riders about rain risk and slippery road,Combined prototype: triple riding + helmet risk + rain/wet road condition
MULTI_0190,2026-07-16 19:23:28,1576,1,4,TRIPLE_RIDING_VIOLATION,POSSIBLE_NO_HELMET_RISK,RAIN_WET_ROAD_HIGH_RISK,87.88,25,5,HIGH,1500,0.83,Generate triple-riding fine and alert | Manual helmet verification / no-helmet fine review | Warn riders about rain risk and slippery road,Combined prototype: triple riding + helmet risk + rain/wet road condition
MULTI_0191,2026-07-16 19:23:29,1584,2,4,TRIPLE_RIDING_VIOLATION,POSSIBLE_NO_HELMET_RISK,RAIN_WET_ROAD_HIGH_RISK,86.91,25,5,HIGH,1500,0.86,Generate triple-riding fine and alert | Manual helmet verification / no-helmet fine review | Warn riders about rain risk and slippery road,Combined prototype: triple riding + helmet risk + rain/wet road condition
MULTI_0192,2026-07-16 19:23:29,1584,2,1,SINGLE_RIDER,POSSIBLE_NO_HELMET_RISK,RAIN_WET_ROAD_HIGH_RISK,86.91,25,4,HIGH,500,0.37,Manual helmet verification / no-helmet fine review | Warn riders about rain risk and slippery road,Combined prototype: triple riding + helmet risk + rain/wet road condition
MULTI_0193,2026-07-16 19:23:29,1592,1,3,TRIPLE_RIDING_VIOLATION,POSSIBLE_NO_HELMET_RISK,RAIN_WET_ROAD_HIGH_RISK,86.43,25,5,HIGH,1500,0.86,Generate triple-riding fine and alert | Manual helmet verification / no-helmet fine review | Warn riders about rain risk and slippery road,Combined prototype: triple riding + helmet risk + rain/wet road condition
MULTI_0194,2026-07-16 19:23:30,1600,1,4,TRIPLE_RIDING_VIOLATION,POSSIBLE_NO_HELMET_RISK,RAIN_WET_ROAD_HIGH_RISK,85.91,25,5,HIGH,1500,0.85,Generate triple-riding fine and alert | Manual helmet verification / no-helmet fine review | Warn riders about rain risk and slippery road,Combined prototype: triple riding + helmet risk + rain/wet road condition
MULTI_0195,2026-07-16 19:23:31,1608,1,3,TRIPLE_RIDING_VIOLATION,POSSIBLE_NO_HELMET_RISK,RAIN_WET_ROAD_HIGH_RISK,85.52,25,5,HIGH,1500,0.84,Generate triple-riding fine and alert | Manual helmet verification / no-helmet fine review | Warn riders about rain risk and slippery road,Combined prototype: triple riding + helmet risk + rain/wet road condition
MULTI_0196,2026-07-16 19:23:32,1616,1,3,TRIPLE_RIDING_VIOLATION,POSSIBLE_NO_HELMET_RISK,RAIN_WET_ROAD_HIGH_RISK,85.43,25,5,HIGH,1500,0.85,Generate triple-riding fine and alert | Manual helmet verification / no-helmet fine review | Warn riders about rain risk and slippery road,Combined prototype: triple riding + helmet risk + rain/wet road condition
MULTI_0197,2026-07-16 19:23:33,1624,1,3,TRIPLE_RIDING_VIOLATION,POSSIBLE_NO_HELMET_RISK,RAIN_WET_ROAD_HIGH_RISK,85.17,25,5,HIGH,1500,0.84,Generate triple-riding fine and alert | Manual helmet verification / no-helmet fine review | Warn riders about rain risk and slippery road,Combined prototype: triple riding + helmet risk + rain/wet road condition
MULTI_0198,2026-07-16 19:23:34,1632,1,2,DOUBLE_RIDING_MONITORING,POSSIBLE_NO_HELMET_RISK,RAIN_WET_ROAD_HIGH_RISK,85.7,25,4,HIGH,500,0.84,Manual helmet verification / no-helmet fine review | Warn riders about rain risk and slippery road,Combined prototype: triple riding + helmet risk + rain/wet road condition
MULTI_0199,2026-07-16 19:23:35,1640,1,3,TRIPLE_RIDING_VIOLATION,POSSIBLE_NO_HELMET_RISK,RAIN_WET_ROAD_HIGH_RISK,86.19,25,5,HIGH,1500,0.73,Generate triple-riding fine and alert | Manual helmet verification / no-helmet fine review | Warn riders about rain risk and slippery road,Combined prototype: triple riding + helmet risk + rain/wet road condition
MULTI_0200,2026-07-16 19:23:36,1648,1,2,DOUBLE_RIDING_MONITORING,POSSIBLE_NO_HELMET_RISK,RAIN_WET_ROAD_HIGH_RISK,85.93,25,4,HIGH,500,0.74,Manual helmet verification / no-helmet fine review | Warn riders about rain risk and slippery road,Combined prototype: triple riding + helmet risk + rain/wet road condition
MULTI_0201,2026-07-16 19:23:37,1656,1,1,SINGLE_RIDER,POSSIBLE_NO_HELMET_RISK,RAIN_WET_ROAD_HIGH_RISK,85.99,25,4,HIGH,500,0.81,Manual helmet verification / no-helmet fine review | Warn riders about rain risk and slippery road,Combined prototype: triple riding + helmet risk + rain/wet road condition
MULTI_0202,2026-07-16 19:23:38,1664,1,1,SINGLE_RIDER,POSSIBLE_NO_HELMET_RISK,RAIN_WET_ROAD_HIGH_RISK,85.1,25,4,HIGH,500,0.82,Manual helmet verification / no-helmet fine review | Warn riders about rain risk and slippery road,Combined prototype: triple riding + helmet risk + rain/wet road condition
MULTI_0203,2026-07-16 19:23:39,1672,1,1,SINGLE_RIDER,POSSIBLE_NO_HELMET_RISK,RAIN_WET_ROAD_HIGH_RISK,84.15,25,4,HIGH,500,0.77,Manual helmet verification / no-helmet fine review | Warn riders about rain risk and slippery road,Combined prototype: triple riding + helmet risk + rain/wet road condition
MULTI_0204,2026-07-16 19:23:39,1680,1,1,SINGLE_RIDER,POSSIBLE_NO_HELMET_RISK,RAIN_WET_ROAD_HIGH_RISK,83.82,25,4,HIGH,500,0.7,Manual helmet verification / no-helmet fine review | Warn riders about rain risk and slippery road,Combined prototype: triple riding + helmet risk + rain/wet road condition
MULTI_0205,2026-07-16 19:23:40,1688,1,1,SINGLE_RIDER,POSSIBLE_NO_HELMET_RISK,RAIN_WET_ROAD_HIGH_RISK,84.11,25,4,HIGH,500,0.72,Manual helmet verification / no-helmet fine review | Warn riders about rain risk and slippery road,Combined prototype: triple riding + helmet risk + rain/wet road condition
MULTI_0206,2026-07-16 19:23:41,1696,1,1,SINGLE_RIDER,POSSIBLE_NO_HELMET_RISK,RAIN_WET_ROAD_HIGH_RISK,83.9,25,4,HIGH,500,0.72,Manual helmet verification / no-helmet fine review | Warn riders about rain risk and slippery road,Combined prototype: triple riding + helmet risk + rain/wet road condition
MULTI_0207,2026-07-16 19:23:42,1704,1,1,SINGLE_RIDER,POSSIBLE_NO_HELMET_RISK,RAIN_WET_ROAD_HIGH_RISK,84.12,25,4,HIGH,500,0.79,Manual helmet verification / no-helmet fine review | Warn riders about rain risk and slippery road,Combined prototype: triple riding + helmet risk + rain/wet road condition
MULTI_0208,2026-07-16 19:23:43,1712,1,1,SINGLE_RIDER,POSSIBLE_NO_HELMET_RISK,RAIN_WET_ROAD_HIGH_RISK,84.37,25,4,HIGH,500,0.75,Manual helmet verification / no-helmet fine review | Warn riders about rain risk and slippery road,Combined prototype: triple riding + helmet risk + rain/wet road condition
MULTI_0209,2026-07-16 19:23:44,1720,1,1,SINGLE_RIDER,POSSIBLE_NO_HELMET_RISK,RAIN_WET_ROAD_HIGH_RISK,84.45,25,4,HIGH,500,0.8,Manual helmet verification / no-helmet fine review | Warn riders about rain risk and slippery road,Combined prototype: triple riding + helmet risk + rain/wet road condition
MULTI_0210,2026-07-16 19:23:44,1728,1,3,TRIPLE_RIDING_VIOLATION,POSSIBLE_NO_HELMET_RISK,RAIN_WET_ROAD_HIGH_RISK,83.58,25,5,HIGH,1500,0.8,Generate triple-riding fine and alert | Manual helmet verification / no-helmet fine review | Warn riders about rain risk and slippery road,Combined prototype: triple riding + helmet risk + rain/wet road condition
MULTI_0211,2026-07-16 19:23:45,1736,1,2,DOUBLE_RIDING_MONITORING,POSSIBLE_NO_HELMET_RISK,RAIN_WET_ROAD_HIGH_RISK,82.78,25,4,HIGH,500,0.81,Manual helmet verification / no-helmet fine review | Warn riders about rain risk and slippery road,Combined prototype: triple riding + helmet risk + rain/wet road condition
MULTI_0212,2026-07-16 19:23:46,1744,2,4,TRIPLE_RIDING_VIOLATION,POSSIBLE_NO_HELMET_RISK,RAIN_WET_ROAD_HIGH_RISK,82.28,25,5,HIGH,1500,0.85,Generate triple-riding fine and alert | Manual helmet verification / no-helmet fine review | Warn riders about rain risk and slippery road,Combined prototype: triple riding + helmet risk + rain/wet road condition
MULTI_0213,2026-07-16 19:23:46,1744,2,1,SINGLE_RIDER,POSSIBLE_NO_HELMET_RISK,RAIN_WET_ROAD_HIGH_RISK,82.28,25,4,HIGH,500,0.65,Manual helmet verification / no-helmet fine review | Warn riders about rain risk and slippery road,Combined prototype: triple riding + helmet risk + rain/wet road condition
MULTI_0214,2026-07-16 19:23:47,1752,2,2,DOUBLE_RIDING_MONITORING,POSSIBLE_NO_HELMET_RISK,RAIN_WET_ROAD_HIGH_RISK,82.95,25,4,HIGH,500,0.88,Manual helmet verification / no-helmet fine review | Warn riders about rain risk and slippery road,Combined prototype: triple riding + helmet risk + rain/wet road condition
MULTI_0215,2026-07-16 19:23:47,1752,2,1,SINGLE_RIDER,POSSIBLE_NO_HELMET_RISK,RAIN_WET_ROAD_HIGH_RISK,82.95,25,4,HIGH,500,0.63,Manual helmet verification / no-helmet fine review | Warn riders about rain risk and slippery road,Combined prototype: triple riding + helmet risk + rain/wet road condition
MULTI_0216,2026-07-16 19:23:48,1760,4,3,TRIPLE_RIDING_VIOLATION,POSSIBLE_NO_HELMET_RISK,RAIN_WET_ROAD_HIGH_RISK,81.78,25,5,HIGH,1500,0.87,Generate triple-riding fine and alert | Manual helmet verification / no-helmet fine review | Warn riders about rain risk and slippery road,Combined prototype: triple riding + helmet risk + rain/wet road condition
MULTI_0217,2026-07-16 19:23:48,1760,4,1,SINGLE_RIDER,POSSIBLE_NO_HELMET_RISK,RAIN_WET_ROAD_HIGH_RISK,81.78,25,4,HIGH,500,0.62,Manual helmet verification / no-helmet fine review | Warn riders about rain risk and slippery road,Combined prototype: triple riding + helmet risk + rain/wet road condition
MULTI_0218,2026-07-16 19:23:48,1760,4,2,DOUBLE_RIDING_MONITORING,POSSIBLE_NO_HELMET_RISK,RAIN_WET_ROAD_HIGH_RISK,81.78,25,4,HIGH,500,0.43,Manual helmet verification / no-helmet fine review | Warn riders about rain risk and slippery road,Combined prototype: triple riding + helmet risk + rain/wet road condition
MULTI_0219,2026-07-16 19:23:48,1760,4,1,SINGLE_RIDER,POSSIBLE_NO_HELMET_RISK,RAIN_WET_ROAD_HIGH_RISK,81.78,25,4,HIGH,500,0.42,Manual helmet verification / no-helmet fine review | Warn riders about rain risk and slippery road,Combined prototype: triple riding + helmet risk + rain/wet road condition
MULTI_0220,2026-07-16 19:23:49,1768,3,2,DOUBLE_RIDING_MONITORING,POSSIBLE_NO_HELMET_RISK,RAIN_WET_ROAD_HIGH_RISK,81.19,25,4,HIGH,500,0.84,Manual helmet verification / no-helmet fine review | Warn riders about rain risk and slippery road,Combined prototype: triple riding + helmet risk + rain/wet road condition
MULTI_0221,2026-07-16 19:23:49,1768,3,1,SINGLE_RIDER,POSSIBLE_NO_HELMET_RISK,RAIN_WET_ROAD_HIGH_RISK,81.19,25,4,HIGH,500,0.57,Manual helmet verification / no-helmet fine review | Warn riders about rain risk and slippery road,Combined prototype: triple riding + helmet risk + rain/wet road condition
MULTI_0222,2026-07-16 19:23:49,1768,3,1,SINGLE_RIDER,POSSIBLE_NO_HELMET_RISK,RAIN_WET_ROAD_HIGH_RISK,81.19,25,4,HIGH,500,0.53,Manual helmet verification / no-helmet fine review | Warn riders about rain risk and slippery road,Combined prototype: triple riding + helmet risk + rain/wet road condition
MULTI_0223,2026-07-16 19:23:50,1776,2,2,DOUBLE_RIDING_MONITORING,POSSIBLE_NO_HELMET_RISK,RAIN_WET_ROAD_HIGH_RISK,80.09,25,4,HIGH,500,0.92,Manual helmet verification / no-helmet fine review | Warn riders about rain risk and slippery road,Combined prototype: triple riding + helmet risk + rain/wet road condition
MULTI_0224,2026-07-16 19:23:50,1776,2,1,SINGLE_RIDER,POSSIBLE_NO_HELMET_RISK,RAIN_WET_ROAD_HIGH_RISK,80.09,25,4,HIGH,500,0.61,Manual helmet verification / no-helmet fine review | Warn riders about rain risk and slippery road,Combined prototype: triple riding + helmet risk + rain/wet road condition
MULTI_0225,2026-07-16 19:23:51,1784,2,3,TRIPLE_RIDING_VIOLATION,POSSIBLE_NO_HELMET_RISK,RAIN_WET_ROAD_HIGH_RISK,80.5,25,5,HIGH,1500,0.88,Generate triple-riding fine and alert | Manual helmet verification / no-helmet fine review | Warn riders about rain risk and slippery road,Combined prototype: triple riding + helmet risk + rain/wet road condition
MULTI_0226,2026-07-16 19:23:51,1784,2,3,TRIPLE_RIDING_VIOLATION,POSSIBLE_NO_HELMET_RISK,RAIN_WET_ROAD_HIGH_RISK,80.5,25,5,HIGH,1500,0.71,Generate triple-riding fine and alert | Manual helmet verification / no-helmet fine review | Warn riders about rain risk and slippery road,Combined prototype: triple riding + helmet risk + rain/wet road condition
MULTI_0227,2026-07-16 19:23:52,1792,2,2,DOUBLE_RIDING_MONITORING,POSSIBLE_NO_HELMET_RISK,RAIN_WET_ROAD_HIGH_RISK,79.61,25,4,HIGH,500,0.9,Manual helmet verification / no-helmet fine review | Warn riders about rain risk and slippery road,Combined prototype: triple riding + helmet risk + rain/wet road condition
MULTI_0228,2026-07-16 19:23:52,1792,2,2,DOUBLE_RIDING_MONITORING,POSSIBLE_NO_HELMET_RISK,RAIN_WET_ROAD_HIGH_RISK,79.61,25,4,HIGH,500,0.68,Manual helmet verification / no-helmet fine review | Warn riders about rain risk and slippery road,Combined prototype: triple riding + helmet risk + rain/wet road condition
MULTI_0229,2026-07-16 19:23:52,1800,2,2,DOUBLE_RIDING_MONITORING,POSSIBLE_NO_HELMET_RISK,RAIN_WET_ROAD_HIGH_RISK,78.76,25,4,HIGH,500,0.89,Manual helmet verification / no-helmet fine review | Warn riders about rain risk and slippery road,Combined prototype: triple riding + helmet risk + rain/wet road condition
MULTI_0230,2026-07-16 19:23:52,1800,2,2,DOUBLE_RIDING_MONITORING,POSSIBLE_NO_HELMET_RISK,RAIN_WET_ROAD_HIGH_RISK,78.76,25,4,HIGH,500,0.68,Manual helmet verification / no-helmet fine review | Warn riders about rain risk and slippery road,Combined prototype: triple riding + helmet risk + rain/wet road condition
MULTI_0231,2026-07-16 19:23:53,1808,2,4,TRIPLE_RIDING_VIOLATION,POSSIBLE_NO_HELMET_RISK,RAIN_WET_ROAD_HIGH_RISK,77.55,25,5,HIGH,1500,0.9,Generate triple-riding fine and alert | Manual helmet verification / no-helmet fine review | Warn riders about rain risk and slippery road,Combined prototype: triple riding + helmet risk + rain/wet road condition
MULTI_0232,2026-07-16 19:23:53,1808,2,4,TRIPLE_RIDING_VIOLATION,POSSIBLE_NO_HELMET_RISK,RAIN_WET_ROAD_HIGH_RISK,77.55,25,5,HIGH,1500,0.71,Generate triple-riding fine and alert | Manual helmet verification / no-helmet fine review | Warn riders about rain risk and slippery road,Combined prototype: triple riding + helmet risk + rain/wet road condition
MULTI_0233,2026-07-16 19:23:54,1816,2,3,TRIPLE_RIDING_VIOLATION,POSSIBLE_NO_HELMET_RISK,RAIN_WET_ROAD_HIGH_RISK,76.92,25,5,HIGH,1500,0.86,Generate triple-riding fine and alert | Manual helmet verification / no-helmet fine review | Warn riders about rain risk and slippery road,Combined prototype: triple riding + helmet risk + rain/wet road condition
MULTI_0234,2026-07-16 19:23:54,1816,2,3,TRIPLE_RIDING_VIOLATION,POSSIBLE_NO_HELMET_RISK,RAIN_WET_ROAD_HIGH_RISK,76.92,25,5,HIGH,1500,0.69,Generate triple-riding fine and alert | Manual helmet verification / no-helmet fine review | Warn riders about rain risk and slippery road,Combined prototype: triple riding + helmet risk + rain/wet road condition
MULTI_0235,2026-07-16 19:23:55,1824,2,2,DOUBLE_RIDING_MONITORING,POSSIBLE_NO_HELMET_RISK,RAIN_WET_ROAD_HIGH_RISK,75.97,25,4,HIGH,500,0.88,Manual helmet verification / no-helmet fine review | Warn riders about rain risk and slippery road,Combined prototype: triple riding + helmet risk + rain/wet road condition
MULTI_0236,2026-07-16 19:23:55,1824,2,1,SINGLE_RIDER,POSSIBLE_NO_HELMET_RISK,RAIN_WET_ROAD_HIGH_RISK,75.97,25,4,HIGH,500,0.65,Manual helmet verification / no-helmet fine review | Warn riders about rain risk and slippery road,Combined prototype: triple riding + helmet risk + rain/wet road condition
MULTI_0237,2026-07-16 19:23:56,1832,2,2,DOUBLE_RIDING_MONITORING,POSSIBLE_NO_HELMET_RISK,RAIN_WET_ROAD_HIGH_RISK,76.8,25,4,HIGH,500,0.88,Manual helmet verification / no-helmet fine review | Warn riders about rain risk and slippery road,Combined prototype: triple riding + helmet risk + rain/wet road condition
MULTI_0238,2026-07-16 19:23:56,1832,2,1,SINGLE_RIDER,POSSIBLE_NO_HELMET_RISK,RAIN_WET_ROAD_HIGH_RISK,76.8,25,4,HIGH,500,0.53,Manual helmet verification / no-helmet fine review | Warn riders about rain risk and slippery road,Combined prototype: triple riding + helmet risk + rain/wet road condition
MULTI_0239,2026-07-16 19:23:57,1840,2,1,SINGLE_RIDER,POSSIBLE_NO_HELMET_RISK,RAIN_WET_ROAD_HIGH_RISK,77.18,25,4,HIGH,500,0.78,Manual helmet verification / no-helmet fine review | Warn riders about rain risk and slippery road,Combined prototype: triple riding + helmet risk + rain/wet road condition
MULTI_0240,2026-07-16 19:23:57,1840,2,0,NO_RIDER_ASSOCIATED,NO_HELMET_RISK_NOT_CONFIRMED,RAIN_WET_ROAD_HIGH_RISK,77.18,25,4,HIGH,0,0.57,Warn riders about rain risk and slippery road,Combined prototype: triple riding + helmet risk + rain/wet road condition
MULTI_0241,2026-07-16 19:23:57,1848,2,2,DOUBLE_RIDING_MONITORING,POSSIBLE_NO_HELMET_RISK,RAIN_WET_ROAD_HIGH_RISK,78.86,25,4,HIGH,500,0.75,Manual helmet verification / no-helmet fine review | Warn riders about rain risk and slippery road,Combined prototype: triple riding + helmet risk + rain/wet road condition
MULTI_0242,2026-07-16 19:23:57,1848,2,0,NO_RIDER_ASSOCIATED,NO_HELMET_RISK_NOT_CONFIRMED,RAIN_WET_ROAD_HIGH_RISK,78.86,25,4,HIGH,0,0.43,Warn riders about rain risk and slippery road,Combined prototype: triple riding + helmet risk + rain/wet road condition
MULTI_0243,2026-07-16 19:23:58,1856,2,1,SINGLE_RIDER,POSSIBLE_NO_HELMET_RISK,RAIN_WET_ROAD_HIGH_RISK,80.93,25,4,HIGH,500,0.81,Manual helmet verification / no-helmet fine review | Warn riders about rain risk and slippery road,Combined prototype: triple riding + helmet risk + rain/wet road condition
MULTI_0244,2026-07-16 19:23:58,1856,2,0,NO_RIDER_ASSOCIATED,NO_HELMET_RISK_NOT_CONFIRMED,RAIN_WET_ROAD_HIGH_RISK,80.93,25,4,HIGH,0,0.45,Warn riders about rain risk and slippery road,Combined prototype: triple riding + helmet risk + rain/wet road condition
MULTI_0245,2026-07-16 19:23:59,1864,1,0,NO_RIDER_ASSOCIATED,NO_HELMET_RISK_NOT_CONFIRMED,RAIN_WET_ROAD_HIGH_RISK,84.16,25,4,HIGH,0,0.57,Warn riders about rain risk and slippery road,Combined prototype: triple riding + helmet risk + rain/wet road condition
MULTI_0246,2026-07-16 19:24:00,1872,1,0,NO_RIDER_ASSOCIATED,NO_HELMET_RISK_NOT_CONFIRMED,RAIN_WET_ROAD_HIGH_RISK,90.2,25,4,HIGH,0,0.67,Warn riders about rain risk and slippery road,Combined prototype: triple riding + helmet risk + rain/wet road condition
MULTI_0247,2026-07-16 19:24:01,1880,1,0,NO_RIDER_ASSOCIATED,NO_HELMET_RISK_NOT_CONFIRMED,RAIN_WET_ROAD_HIGH_RISK,90.53,25,4,HIGH,0,0.64,Warn riders about rain risk and slippery road,Combined prototype: triple riding + helmet risk + rain/wet road condition
MULTI_0248,2026-07-16 19:24:01,1888,1,1,SINGLE_RIDER,POSSIBLE_NO_HELMET_RISK,RAIN_WET_ROAD_HIGH_RISK,89.7,25,4,HIGH,500,0.5,Manual helmet verification / no-helmet fine review | Warn riders about rain risk and slippery road,Combined prototype: triple riding + helmet risk + rain/wet road condition
MULTI_0249,2026-07-16 19:24:02,1896,1,0,NO_RIDER_ASSOCIATED,NO_HELMET_RISK_NOT_CONFIRMED,RAIN_WET_ROAD_HIGH_RISK,88.65,25,4,HIGH,0,0.41,Warn riders about rain risk and slippery road,Combined prototype: triple riding + helmet risk + rain/wet road condition
MULTI_0250,2026-07-16 19:24:03,1904,1,0,NO_RIDER_ASSOCIATED,NO_HELMET_RISK_NOT_CONFIRMED,RAIN_WET_ROAD_HIGH_RISK,87.37,25,4,HIGH,0,0.56,Warn riders about rain risk and slippery road,Combined prototype: triple riding + helmet risk + rain/wet road condition
MULTI_0251,2026-07-16 19:24:04,1912,1,0,NO_RIDER_ASSOCIATED,NO_HELMET_RISK_NOT_CONFIRMED,RAIN_WET_ROAD_HIGH_RISK,86.8,25,4,HIGH,0,0.66,Warn riders about rain risk and slippery road,Combined prototype: triple riding + helmet risk + rain/wet road condition
MULTI_0252,2026-07-16 19:24:05,1920,1,0,NO_RIDER_ASSOCIATED,NO_HELMET_RISK_NOT_CONFIRMED,RAIN_WET_ROAD_HIGH_RISK,86.74,25,4,HIGH,0,0.71,Warn riders about rain risk and slippery road,Combined prototype: triple riding + helmet risk + rain/wet road condition
MULTI_0253,2026-07-16 19:24:06,1928,1,0,NO_RIDER_ASSOCIATED,NO_HELMET_RISK_NOT_CONFIRMED,RAIN_WET_ROAD_HIGH_RISK,86.62,25,4,HIGH,0,0.71,Warn riders about rain risk and slippery road,Combined prototype: triple riding + helmet risk + rain/wet road condition
MULTI_0254,2026-07-16 19:24:07,1936,1,0,NO_RIDER_ASSOCIATED,NO_HELMET_RISK_NOT_CONFIRMED,RAIN_WET_ROAD_HIGH_RISK,86.48,25,4,HIGH,0,0.75,Warn riders about rain risk and slippery road,Combined prototype: triple riding + helmet risk + rain/wet road condition
MULTI_0255,2026-07-16 19:24:08,1944,1,0,NO_RIDER_ASSOCIATED,NO_HELMET_RISK_NOT_CONFIRMED,RAIN_WET_ROAD_HIGH_RISK,86.13,25,4,HIGH,0,0.72,Warn riders about rain risk and slippery road,Combined prototype: triple riding + helmet risk + rain/wet road condition
